CustomerID,Age,MonthlySpend,Purchases3M,AvgTicket,WebVisits30D,DiscountUseRate,Returns6M,PreferredChannel,LoyaltyLevel,Region,Cat_Tecnologia,Cat_Hogar,Cat_Deportes,Cat_Belleza,Cat_Alimentos
R200000,55,96.24,7,33.11,11,0.425,0,Web,Bronce,Centro,0,1,0,0,0
R200001,60,59.09,4,31.45,14,0.582,0,App,Oro,Sur,0,1,0,0,0
R200002,28,407.18,2,217.45,5,0.222,1,Web,Plata,Norte,1,0,0,1,1
R200003,70,92.55,6,23.76,12,0.143,1,App,Bronce,Centro,0,0,0,1,0
R200004,49,96.98,6,34.02,17,0.23,1,Tienda,Bronce,Centro,0,0,0,0,1
R200005,61,109.45,4,23.91,15,0.303,4,Tienda,Bronce,Centro,1,0,0,0,0
R200006,48,75.48,4,42.54,4,0.158,1,Web,Oro,Centro,0,1,1,0,0
R200007,69,164.06,2,91.9,10,0.327,0,Web,Plata,Sur,0,0,0,1,1
R200008,37,78.0,7,26.79,8,0.195,1,Tienda,Plata,Centro,0,1,0,0,0
R200009,31,74.98,4,27.04,6,0.281,0,App,Bronce,Centro,0,0,0,0,1
R200010,37,248.65,1,220.0,6,0.478,1,App,Bronce,Centro,1,0,0,0,1
R200011,60,243.17,6,55.56,11,0.564,0,App,Bronce,Sur,0,1,0,0,0
R200012,46,127.37,2,46.37,12,0.206,2,Web,Oro,Sur,0,1,0,0,0
R200013,55,160.96,8,43.07,13,0.708,1,Web,Plata,Sur,0,1,0,0,0
R200014,69,76.62,8,29.93,7,0.241,0,App,Bronce,Sur,0,1,1,0,1
R200015,34,129.91,7,30.76,9,0.196,1,Web,Plata,Norte,0,0,0,0,1
R200016,71,112.53,3,40.28,4,0.096,0,Tienda,Oro,Centro,0,1,0,0,0
R200017,34,116.37,8,25.3,16,0.29,0,App,Oro,Sur,0,0,0,0,1
R200018,28,79.51,3,26.61,10,0.358,1,Tienda,Bronce,Norte,0,1,0,0,1
R200019,66,103.29,8,36.54,13,0.402,1,App,Oro,Sur,1,0,0,0,0
R200020,26,113.66,3,49.67,11,0.354,0,App,Bronce,Norte,0,1,0,0,1
R200021,30,56.71,6,19.03,11,0.267,1,Tienda,Plata,Centro,0,0,1,1,0
R200022,22,234.97,4,73.0,10,0.234,1,App,Oro,Centro,0,0,0,1,0
R200023,40,17.84,9,13.36,8,0.205,1,Web,Plata,Sur,0,0,0,1,0
R200024,54,200.58,5,31.65,7,0.721,1,App,Bronce,Norte,0,1,0,0,0
R200025,42,70.38,2,36.56,4,0.502,2,App,Plata,Centro,0,0,0,1,1
R200026,21,36.52,9,10.7,12,0.386,1,Web,Bronce,Centro,0,0,0,0,1
R200027,35,215.9,5,38.85,13,0.119,1,App,Bronce,Centro,0,1,0,0,0
R200028,20,106.84,5,35.78,6,0.398,1,Tienda,Bronce,Centro,1,0,0,0,0
R200029,38,326.74,7,57.74,9,0.324,2,Tienda,Bronce,Centro,1,0,0,1,1
R200030,75,279.94,4,73.15,17,0.353,0,Web,Oro,Centro,0,1,0,0,0
R200031,61,217.25,7,40.01,12,0.574,2,Web,Plata,Norte,0,1,0,0,1
R200032,33,138.1,6,30.05,8,0.527,1,App,Plata,Sur,1,0,0,1,1
R200033,37,216.63,5,36.67,9,0.114,0,Web,Plata,Sur,0,1,0,0,0
R200034,20,164.32,4,51.98,5,0.687,0,Tienda,Plata,Centro,1,0,0,0,0
R200035,49,130.47,0,124.03,9,0.61,1,Web,Bronce,Sur,1,0,0,0,0
R200036,52,143.71,5,45.54,10,0.464,1,App,Bronce,Centro,0,1,0,0,1
R200037,25,237.88,10,53.44,7,0.094,0,App,Plata,Centro,0,1,0,0,0
R200038,33,177.29,3,67.99,8,0.292,1,Tienda,Plata,Centro,0,0,0,1,1
R200039,42,39.83,10,13.81,11,0.536,1,Web,Bronce,Centro,0,0,0,0,1
R200040,20,276.92,3,101.95,4,0.12,0,Web,Bronce,Centro,0,0,0,1,0
R200041,62,35.65,6,8.0,8,0.39,0,App,Bronce,Sur,1,0,0,0,0
R200042,74,43.39,2,8.0,9,0.4,1,Web,Bronce,Centro,0,1,0,0,0
R200043,66,178.49,3,67.23,9,0.35,0,Tienda,Oro,Centro,0,1,0,0,0
R200044,28,130.22,4,55.51,15,0.376,0,Tienda,Oro,Norte,0,1,0,0,0
R200045,38,202.16,4,55.02,9,0.191,0,App,Oro,Norte,0,0,0,1,0
R200046,23,144.98,1,157.34,11,0.152,0,App,Oro,Norte,1,0,0,0,0
R200047,32,276.13,4,70.01,7,0.522,0,Tienda,Plata,Norte,0,1,1,1,0
R200048,38,171.51,4,40.86,14,0.197,1,Tienda,Plata,Centro,1,0,0,1,1
R200049,60,65.3,6,22.65,13,0.668,0,Tienda,Plata,Centro,0,1,0,0,0
R200050,40,185.14,8,24.7,7,0.296,1,App,Plata,Centro,0,0,0,1,1
R200051,36,72.76,9,8.0,12,0.346,0,Tienda,Plata,Centro,1,1,0,0,0
R200052,46,59.83,3,21.64,9,0.2,1,Web,Plata,Norte,0,1,0,1,1
R200053,30,322.16,5,76.67,10,0.211,0,App,Bronce,Sur,1,1,0,0,1
R200054,70,210.67,5,46.81,6,0.265,3,App,Plata,Centro,0,0,0,1,0
R200055,39,131.59,5,37.5,9,0.867,1,Web,Oro,Centro,0,1,0,1,1
R200056,66,45.09,4,39.36,10,0.15,1,App,Bronce,Centro,0,0,1,0,0
R200057,38,51.38,4,33.6,7,0.716,0,App,Bronce,Centro,0,0,0,0,1
R200058,66,81.21,7,17.75,15,0.258,1,Web,Bronce,Centro,1,0,0,0,1
R200059,31,29.62,4,26.58,4,0.506,2,App,Bronce,Centro,0,0,0,0,1
R200060,48,46.31,7,29.73,11,0.103,0,App,Plata,Norte,0,1,0,1,0
R200061,75,78.96,5,24.61,6,0.247,1,Web,Plata,Centro,0,0,0,1,0
R200062,60,63.27,7,18.96,8,0.24,0,Web,Plata,Centro,0,1,0,0,0
R200063,52,212.14,6,45.87,11,0.181,0,Tienda,Bronce,Sur,0,0,0,0,1
R200064,20,239.58,7,33.76,3,0.414,0,Web,Bronce,Sur,0,0,0,1,0
R200065,70,213.37,7,69.1,10,0.11,0,App,Bronce,Norte,1,0,0,0,1
R200066,58,145.66,12,12.67,14,0.33,2,Web,Bronce,Sur,0,1,0,1,0
R200067,40,166.97,3,74.55,6,0.399,1,Web,Plata,Centro,1,0,0,0,0
R200068,38,61.58,5,16.39,8,0.564,0,Tienda,Oro,Centro,0,0,0,0,1
R200069,69,150.03,4,28.41,15,0.707,0,App,Oro,Centro,0,1,0,0,1
R200070,55,116.27,5,20.02,9,0.535,0,Tienda,Oro,Sur,0,1,0,0,1
R200071,61,106.64,8,30.47,9,0.048,1,Web,Plata,Sur,0,0,1,0,0
R200072,49,183.56,3,63.21,6,0.557,2,Web,Bronce,Sur,1,1,0,0,0
R200073,45,106.9,3,53.56,10,0.111,1,App,Plata,Centro,0,0,1,1,1
R200074,29,155.48,7,54.58,6,0.52,1,App,Plata,Norte,0,0,0,0,1
R200075,36,97.21,5,22.33,7,0.618,1,Tienda,Bronce,Sur,0,0,0,0,1
R200076,60,101.87,8,13.93,7,0.402,1,Tienda,Bronce,Centro,0,0,0,0,1
R200077,52,115.87,6,18.47,12,0.483,1,App,Bronce,Centro,1,0,0,0,0
R200078,43,99.86,6,8.0,12,0.195,0,Tienda,Oro,Centro,0,0,0,0,1
R200079,75,135.34,3,70.0,7,0.678,2,Web,Plata,Centro,0,1,0,1,0
R200080,33,69.02,6,8.0,9,0.021,1,App,Bronce,Sur,1,0,1,0,1
R200081,58,169.12,6,40.45,13,0.283,0,Web,Bronce,Centro,0,1,0,0,0
R200082,27,32.87,9,14.18,12,0.136,2,Tienda,Bronce,Centro,0,0,0,0,1
R200083,72,124.11,5,23.2,10,0.258,0,Web,Bronce,Norte,0,0,0,1,0
R200084,41,188.5,11,43.87,11,0.404,0,Web,Bronce,Centro,0,0,0,0,1
R200085,35,130.99,6,33.53,8,0.608,3,App,Plata,Sur,0,1,1,1,0
R200086,28,29.33,5,13.74,13,0.367,2,App,Oro,Sur,0,1,0,0,0
R200087,55,126.51,10,9.24,16,0.139,1,Web,Bronce,Centro,0,0,0,1,0
R200088,70,16.52,4,25.74,7,0.063,2,App,Plata,Centro,0,1,0,0,1
R200089,64,284.71,3,104.77,10,0.164,0,Web,Bronce,Centro,0,1,0,0,0
R200090,62,22.32,6,16.86,11,0.39,0,App,Bronce,Norte,0,0,0,0,1
R200091,64,64.31,3,36.7,9,0.426,2,Tienda,Bronce,Centro,0,0,0,0,1
R200092,41,115.7,8,26.26,10,0.172,0,Web,Bronce,Centro,0,1,1,0,1
R200093,66,134.25,5,34.81,11,0.185,0,App,Oro,Centro,0,1,0,0,0
R200094,52,172.11,9,31.19,10,0.126,0,Web,Oro,Sur,0,0,1,1,0
R200095,49,150.13,5,39.11,11,0.564,0,Tienda,Plata,Centro,0,0,0,0,1
R200096,65,220.14,7,71.94,8,0.077,1,Web,Oro,Centro,0,1,0,0,0
R200097,52,130.37,2,72.22,12,0.636,0,App,Bronce,Centro,0,1,0,0,0
R200098,23,125.86,3,48.65,15,0.209,0,Tienda,Bronce,Centro,0,0,0,0,1
R200099,67,95.75,5,20.99,11,0.117,0,Web,Plata,Sur,0,1,0,0,0
R200100,48,137.46,4,37.36,8,0.458,2,App,Bronce,Norte,0,0,1,0,0
R200101,25,53.07,5,24.88,10,0.061,0,App,Oro,Centro,0,0,1,1,1
R200102,25,225.0,10,24.68,8,0.161,0,App,Plata,Sur,0,0,0,0,1
R200103,57,148.58,8,37.19,11,0.683,0,Web,Plata,Centro,1,0,0,0,0
R200104,69,128.38,6,18.42,17,0.357,1,Tienda,Oro,Centro,0,1,0,0,0
R200105,38,145.3,3,56.54,10,0.013,0,App,Bronce,Centro,0,0,0,1,0
R200106,37,271.99,4,62.1,8,0.399,1,Tienda,Oro,Centro,0,0,0,1,0
R200107,30,50.66,8,13.51,15,0.079,2,Tienda,Plata,Sur,0,0,0,0,1
R200108,46,200.49,2,106.12,10,0.573,1,Web,Bronce,Norte,0,0,0,0,1
R200109,53,135.76,4,47.99,14,0.158,0,Tienda,Plata,Norte,0,1,0,0,0
R200110,53,98.32,3,55.93,7,0.577,2,App,Bronce,Centro,0,1,0,0,1
R200111,64,165.72,6,29.24,13,0.391,4,Web,Oro,Centro,0,1,0,0,1
R200112,48,25.56,6,8.09,11,0.411,0,App,Plata,Centro,0,0,0,0,1
R200113,75,126.5,10,9.62,11,0.391,2,Tienda,Bronce,Norte,0,0,0,0,1
R200114,46,70.01,7,33.81,11,0.225,2,Tienda,Oro,Norte,1,0,0,0,0
R200115,41,120.99,2,71.58,7,0.327,0,Web,Plata,Norte,0,0,0,1,0
R200116,60,51.99,3,26.05,9,0.426,0,App,Bronce,Centro,0,0,0,0,1
R200117,19,198.8,8,23.22,10,0.473,2,Tienda,Bronce,Norte,0,1,0,0,1
R200118,60,285.01,4,88.36,10,0.419,1,App,Oro,Sur,0,1,0,0,0
R200119,43,111.4,5,23.96,13,0.482,0,Tienda,Bronce,Sur,1,1,0,0,0
R200120,68,104.91,6,29.0,11,0.558,2,Tienda,Plata,Centro,0,1,0,0,0
R200121,29,90.47,3,34.65,13,0.58,1,Tienda,Bronce,Sur,0,0,0,0,1
R200122,70,154.66,7,8.0,8,0.412,0,Web,Oro,Centro,0,1,0,0,0
R200123,60,241.8,3,78.28,10,0.182,1,Web,Bronce,Centro,0,1,0,0,0
R200124,68,102.34,5,18.82,9,0.538,4,App,Bronce,Norte,0,0,0,0,1
R200125,61,20.87,5,17.86,9,0.271,2,App,Plata,Centro,0,0,0,0,1
R200126,50,141.99,8,25.19,11,0.741,0,App,Bronce,Norte,0,0,0,0,1
R200127,63,193.96,5,54.24,9,0.383,1,App,Plata,Centro,0,1,0,0,0
R200128,25,89.3,4,43.39,6,0.379,2,App,Plata,Norte,0,0,1,1,0
R200129,28,163.3,3,38.1,13,0.401,0,App,Bronce,Norte,0,0,0,1,0
R200130,35,80.54,4,32.86,9,0.626,0,App,Bronce,Centro,0,0,0,0,1
R200131,37,35.72,10,9.68,10,0.12,0,Tienda,Bronce,Norte,0,0,1,0,0
R200132,28,33.87,6,36.05,12,0.112,2,App,Plata,Centro,1,1,0,0,1
R200133,75,98.15,5,44.58,10,0.209,2,Web,Plata,Centro,0,1,0,0,0
R200134,18,168.37,5,40.09,12,0.274,0,App,Bronce,Sur,1,0,0,0,1
R200135,55,26.71,7,8.0,10,0.658,2,App,Plata,Norte,0,0,0,0,1
R200136,73,67.07,6,29.23,9,0.556,1,Web,Bronce,Centro,0,0,0,0,1
R200137,72,195.05,2,87.36,12,0.346,0,App,Bronce,Centro,0,1,0,0,0
R200138,25,169.51,2,96.19,6,0.68,3,App,Bronce,Norte,0,1,0,0,0
R200139,36,75.52,4,35.15,14,0.178,1,Web,Plata,Sur,0,0,0,1,1
R200140,41,238.31,6,42.33,6,0.266,0,App,Oro,Centro,0,0,0,1,0
R200141,46,102.39,5,28.05,11,0.302,2,App,Bronce,Sur,0,1,0,0,0
R200142,26,57.63,2,58.7,9,0.242,0,Web,Oro,Sur,1,0,0,0,0
R200143,27,123.02,9,14.83,11,0.476,0,App,Plata,Centro,0,0,0,1,0
R200144,55,98.87,4,32.18,14,0.431,0,Web,Plata,Centro,0,0,0,0,1
R200145,27,87.52,1,111.53,10,0.217,0,App,Plata,Centro,1,0,1,1,0
R200146,64,69.64,6,27.79,12,0.445,0,Tienda,Bronce,Sur,0,0,0,0,1
R200147,26,132.06,6,26.17,8,0.254,1,Web,Bronce,Centro,1,0,0,0,1
R200148,75,34.57,1,53.38,11,0.346,1,Web,Bronce,Centro,0,1,0,0,0
R200149,30,84.11,2,48.38,11,0.372,1,Tienda,Bronce,Norte,0,0,0,1,0
R200150,24,71.24,1,72.27,7,0.411,0,Tienda,Plata,Centro,0,0,0,0,1
R200151,32,232.42,9,37.76,11,0.399,2,App,Plata,Norte,0,1,0,0,0
R200152,51,131.67,5,32.16,8,0.588,1,Web,Bronce,Sur,0,1,0,0,0
R200153,46,104.57,3,57.44,13,0.498,1,Tienda,Oro,Centro,0,1,0,0,0
R200154,40,80.25,5,18.53,14,0.41,2,Web,Plata,Norte,0,0,0,0,1
R200155,27,95.39,3,52.47,9,0.562,0,Tienda,Plata,Sur,0,0,0,1,0
R200156,74,84.25,6,18.07,8,0.363,0,App,Plata,Centro,0,0,1,0,0
R200157,69,175.43,6,36.72,12,0.196,2,App,Bronce,Sur,0,1,0,0,1
R200158,49,78.85,3,18.11,7,0.444,1,Web,Bronce,Centro,1,0,0,1,0
R200159,64,115.9,6,10.98,8,0.333,3,Web,Bronce,Centro,0,0,1,0,0
R200160,60,243.43,4,91.85,9,0.189,2,App,Plata,Centro,1,1,0,0,1
R200161,57,86.61,11,12.05,11,0.43,2,Web,Plata,Sur,0,1,0,0,0
R200162,75,69.47,3,52.29,14,0.56,0,Web,Bronce,Centro,0,1,0,0,0
R200163,66,176.68,5,49.46,16,0.18,0,Tienda,Oro,Sur,0,1,0,1,0
R200164,56,93.49,4,37.63,10,0.198,1,Web,Bronce,Centro,0,0,0,1,0
R200165,26,220.58,7,41.36,10,0.304,1,App,Plata,Centro,0,1,0,1,1
R200166,66,151.42,7,21.05,15,0.564,0,Tienda,Oro,Centro,0,0,0,0,1
R200167,29,173.5,3,57.68,9,0.22,0,Tienda,Bronce,Centro,0,0,1,0,0
R200168,49,112.0,4,23.74,8,0.497,0,Web,Plata,Norte,0,1,0,0,0
R200169,41,133.42,5,34.79,9,0.055,2,Tienda,Bronce,Centro,0,0,0,0,1
R200170,72,214.55,1,219.97,7,0.232,2,Tienda,Bronce,Norte,0,1,0,0,0
R200171,38,90.63,6,36.64,10,0.12,1,Web,Bronce,Centro,1,1,0,0,1
R200172,46,127.91,7,33.9,10,0.211,0,App,Bronce,Centro,0,1,0,0,0
R200173,63,111.47,4,36.99,6,0.557,1,Tienda,Bronce,Centro,0,0,1,0,0
R200174,68,90.56,7,8.0,13,0.592,1,Tienda,Bronce,Centro,0,0,0,0,1
R200175,58,61.24,8,8.0,8,0.299,1,Tienda,Oro,Sur,0,0,0,1,1
R200176,41,200.01,4,55.42,10,0.75,0,Web,Bronce,Sur,0,1,1,0,0
R200177,47,97.5,2,42.61,14,0.058,1,App,Plata,Centro,0,0,0,1,0
R200178,55,222.57,2,106.61,10,0.098,1,Web,Bronce,Centro,1,1,0,0,0
R200179,30,151.82,3,51.33,8,0.254,2,Tienda,Bronce,Sur,0,0,0,0,1
R200180,63,109.21,5,21.04,11,0.526,1,Tienda,Bronce,Norte,0,0,0,0,1
R200181,70,163.59,2,109.46,9,0.215,1,App,Plata,Sur,0,0,1,0,0
R200182,58,190.25,3,77.87,5,0.152,1,App,Bronce,Centro,0,1,0,1,0
R200183,66,163.65,5,38.74,6,0.351,0,App,Plata,Centro,1,1,0,0,0
R200184,56,22.32,6,11.52,11,0.066,0,Web,Plata,Centro,1,1,0,0,0
R200185,73,113.0,6,26.27,8,0.175,1,App,Plata,Norte,0,1,0,0,0
R200186,40,175.83,8,28.1,12,0.441,0,App,Oro,Norte,0,1,0,0,0
R200187,44,83.69,8,20.67,9,0.739,2,App,Bronce,Sur,0,0,1,1,1
R200188,54,87.31,6,17.34,7,0.367,1,App,Bronce,Sur,0,0,0,0,1
R200189,60,134.35,5,23.72,8,0.533,2,Web,Bronce,Centro,0,0,0,0,1
R200190,65,62.71,4,17.79,14,0.104,0,App,Plata,Centro,0,1,0,0,1
R200191,42,54.69,8,19.52,7,0.114,0,Web,Bronce,Centro,0,0,0,0,1
R200192,68,110.46,3,36.48,10,0.436,1,App,Plata,Centro,1,1,1,0,1
R200193,75,343.66,3,114.14,7,0.284,1,App,Bronce,Sur,1,1,0,0,0
R200194,29,37.19,2,45.95,11,0.676,1,Tienda,Plata,Sur,0,1,0,0,0
R200195,55,142.49,1,146.64,11,0.398,1,Web,Bronce,Sur,1,0,0,0,0
R200196,20,143.54,3,54.93,5,0.53,1,Web,Bronce,Sur,0,1,0,0,0
R200197,39,132.02,8,29.82,8,0.206,2,Web,Bronce,Centro,0,1,0,0,0
R200198,54,129.1,8,38.71,11,0.441,0,App,Oro,Norte,0,0,0,0,1
R200199,61,77.47,4,11.17,10,0.471,0,Tienda,Bronce,Sur,0,0,0,0,1
R200200,60,100.71,5,28.95,14,0.544,1,Web,Bronce,Sur,0,0,0,1,1
R200201,20,203.16,6,41.16,12,0.086,1,Tienda,Bronce,Centro,0,0,0,0,1
R200202,58,85.74,4,29.39,12,0.179,0,App,Bronce,Centro,0,0,0,0,1
R200203,60,189.7,1,198.58,12,0.193,3,App,Bronce,Centro,1,0,0,0,0
R200204,41,143.9,4,52.91,10,0.539,0,App,Bronce,Centro,1,0,0,0,1
R200205,70,70.49,3,27.31,10,0.224,0,Web,Plata,Centro,0,1,0,0,1
R200206,45,257.59,7,48.46,15,0.294,2,App,Bronce,Norte,0,0,0,1,0
R200207,37,89.27,4,30.77,17,0.324,0,App,Bronce,Centro,0,1,0,0,0
R200208,71,96.8,6,22.55,15,0.596,0,Web,Bronce,Sur,0,1,0,0,0
R200209,19,126.1,3,35.75,6,0.214,1,Tienda,Plata,Centro,0,1,0,0,1
R200210,24,62.51,3,28.41,13,0.389,2,Tienda,Plata,Norte,1,0,0,0,1
R200211,41,69.2,6,12.77,5,0.499,3,App,Plata,Sur,0,0,0,0,1
R200212,73,215.24,4,63.61,5,0.493,1,Tienda,Bronce,Centro,0,1,0,0,0
R200213,38,121.91,3,34.63,11,0.148,1,App,Bronce,Norte,0,0,1,0,1
R200214,64,72.47,9,22.57,11,0.673,1,App,Bronce,Centro,0,0,0,0,1
R200215,31,57.44,6,30.25,11,0.414,1,App,Plata,Sur,0,0,1,0,0
R200216,70,172.18,4,71.52,13,0.464,3,Web,Bronce,Centro,0,1,0,0,1
R200217,70,176.8,5,44.65,9,0.151,0,Web,Plata,Norte,0,1,0,0,0
R200218,25,99.65,3,36.76,12,0.637,3,Tienda,Bronce,Centro,0,0,0,0,1
R200219,47,115.44,2,79.46,13,0.352,0,App,Oro,Centro,1,0,0,0,0
R200220,69,172.7,2,88.96,5,0.766,0,Tienda,Plata,Centro,0,0,0,0,1
R200221,38,113.39,7,19.15,11,0.677,2,Tienda,Bronce,Norte,0,0,0,0,1
R200222,42,53.5,6,8.54,6,0.322,0,App,Bronce,Sur,0,0,1,0,0
R200223,73,76.61,3,45.81,11,0.355,0,App,Oro,Norte,0,0,0,0,1
R200224,54,55.36,5,20.41,11,0.214,0,Web,Bronce,Centro,0,0,0,0,1
R200225,61,59.08,1,65.26,12,0.541,0,App,Bronce,Centro,0,1,0,0,0
R200226,36,80.16,4,20.73,6,0.55,3,App,Bronce,Centro,1,1,0,1,0
R200227,49,103.59,4,41.11,10,0.228,0,App,Plata,Sur,1,0,0,0,0
R200228,41,83.19,4,23.43,8,0.517,1,App,Plata,Centro,0,1,1,0,0
R200229,18,108.01,1,98.36,16,0.302,2,Web,Oro,Norte,1,0,0,0,0
R200230,57,89.24,5,12.43,9,0.663,0,App,Bronce,Norte,0,0,0,0,1
R200231,36,91.14,4,55.85,13,0.234,1,App,Plata,Centro,0,1,1,0,0
R200232,22,49.72,3,28.85,16,0.051,0,App,Plata,Centro,1,0,0,0,1
R200233,70,67.22,8,11.68,6,0.16,0,Tienda,Bronce,Centro,0,0,0,1,0
R200234,35,227.19,2,113.32,12,0.021,1,App,Oro,Centro,1,0,0,0,0
R200235,25,205.42,4,40.58,15,0.32,0,Web,Oro,Norte,1,1,0,1,1
R200236,75,69.25,4,30.27,8,0.358,1,Tienda,Bronce,Centro,0,0,0,0,1
R200237,25,127.77,4,46.52,6,0.47,3,Web,Oro,Centro,0,1,0,0,0
R200238,59,168.16,9,19.14,4,0.587,0,App,Plata,Sur,0,0,0,1,1
R200239,66,95.03,5,15.78,8,0.284,1,Web,Bronce,Centro,1,0,0,0,1
R200240,72,192.47,7,44.01,10,0.172,0,Web,Bronce,Centro,0,1,0,0,1
R200241,20,120.87,3,33.48,10,0.35,2,Web,Plata,Sur,0,0,0,1,0
R200242,31,242.91,3,83.59,6,0.255,0,Tienda,Bronce,Sur,0,0,1,0,0
R200243,67,174.52,2,103.11,13,0.253,0,Tienda,Plata,Norte,0,1,1,0,0
R200244,22,169.99,7,27.27,11,0.427,1,Tienda,Plata,Centro,0,0,0,0,1
R200245,72,66.73,5,24.51,11,0.22,0,Web,Bronce,Centro,1,0,0,0,0
R200246,43,187.84,10,17.36,13,0.686,1,App,Bronce,Sur,0,0,1,1,1
R200247,38,172.34,5,60.23,11,0.479,1,App,Bronce,Centro,1,0,1,1,0
R200248,38,130.26,7,37.46,6,0.391,0,Tienda,Bronce,Centro,0,1,0,0,0
R200249,41,123.82,4,47.83,7,0.328,1,Web,Bronce,Sur,0,1,0,0,0
R200250,52,171.85,3,50.67,14,0.594,0,Tienda,Plata,Sur,0,1,0,0,0
R200251,36,161.75,4,54.5,6,0.525,2,App,Bronce,Norte,0,0,1,0,0
R200252,33,275.21,2,131.92,12,0.683,0,Tienda,Oro,Sur,0,1,0,0,0
R200253,37,87.04,6,13.93,11,0.447,0,App,Plata,Centro,0,0,0,0,1
R200254,36,162.82,3,61.83,4,0.461,1,Tienda,Plata,Centro,0,0,0,1,0
R200255,25,156.81,6,24.07,10,0.52,1,App,Plata,Centro,1,0,1,1,0
R200256,74,84.5,6,25.55,8,0.604,0,Tienda,Plata,Sur,0,1,0,0,0
R200257,72,188.38,5,50.77,10,0.44,0,App,Oro,Centro,0,1,0,0,0
R200258,56,107.46,8,39.76,13,0.575,0,Tienda,Plata,Centro,0,0,0,0,1
R200259,70,181.4,6,24.76,12,0.211,1,Tienda,Oro,Sur,0,1,0,0,0
R200260,34,57.47,4,26.35,11,0.719,0,Web,Bronce,Sur,0,0,0,0,1
R200261,47,174.24,7,30.25,12,0.257,0,Tienda,Plata,Centro,0,0,0,0,1
R200262,55,63.22,3,17.91,9,0.146,0,App,Bronce,Centro,0,0,0,0,1
R200263,35,87.09,7,8.0,9,0.257,0,Web,Plata,Sur,0,0,0,0,1
R200264,18,38.3,8,14.14,8,0.36,0,App,Bronce,Centro,0,0,0,1,1
R200265,62,40.15,4,8.0,9,0.271,2,App,Bronce,Sur,0,0,0,0,1
R200266,72,118.55,3,37.14,9,0.137,2,Web,Plata,Centro,0,1,0,0,0
R200267,36,284.06,6,52.27,11,0.261,1,Tienda,Bronce,Sur,0,1,0,1,0
R200268,28,133.29,10,45.66,8,0.179,1,Tienda,Bronce,Norte,0,0,1,1,1
R200269,60,134.53,3,50.53,10,0.606,1,App,Oro,Norte,0,1,0,0,0
R200270,49,77.5,6,35.69,9,0.287,1,Tienda,Oro,Centro,0,0,0,0,1
R200271,37,249.25,5,66.91,10,0.223,1,Web,Bronce,Centro,1,0,0,0,1
R200272,72,39.43,7,11.45,11,0.262,0,Web,Plata,Sur,0,1,0,0,1
R200273,65,164.35,7,29.65,11,0.372,0,Tienda,Plata,Norte,1,1,0,0,1
R200274,57,146.9,3,49.85,14,0.367,1,Web,Plata,Sur,0,1,0,0,1
R200275,70,128.12,3,41.99,9,0.437,0,App,Plata,Centro,0,0,1,0,0
R200276,35,99.28,7,11.88,5,0.586,0,Web,Plata,Sur,1,0,0,0,0
R200277,60,55.07,3,24.6,13,0.245,1,Web,Bronce,Centro,0,1,0,0,1
R200278,57,129.26,4,35.7,13,0.358,0,App,Plata,Centro,0,1,0,0,0
R200279,71,106.21,4,35.31,10,0.359,0,App,Bronce,Centro,0,1,0,0,0
R200280,72,141.81,4,30.62,6,0.257,2,Tienda,Bronce,Centro,0,0,0,1,0
R200281,40,66.51,6,15.15,7,0.176,2,App,Oro,Sur,0,0,0,0,1
R200282,43,119.51,3,54.07,10,0.105,2,Web,Bronce,Centro,0,1,0,0,0
R200283,75,178.15,7,39.37,11,0.61,1,Web,Plata,Centro,0,1,0,0,0
R200284,65,49.69,4,23.73,7,0.144,1,App,Bronce,Centro,0,0,0,0,1
R200285,63,150.56,11,8.0,15,0.595,2,App,Bronce,Centro,0,0,1,1,1
R200286,23,29.64,2,25.48,15,0.193,0,App,Plata,Norte,1,0,0,0,0
R200287,47,87.74,5,26.66,10,0.451,0,App,Plata,Centro,0,1,0,0,0
R200288,72,43.24,5,12.09,4,0.371,1,Tienda,Bronce,Centro,1,1,0,0,0
R200289,52,169.34,3,76.4,9,0.496,1,Web,Plata,Sur,1,0,0,1,0
R200290,74,105.53,4,22.14,16,0.474,0,App,Bronce,Centro,0,1,1,0,0
R200291,66,117.87,7,29.13,17,0.371,2,Web,Bronce,Sur,0,0,1,0,0
R200292,70,80.25,11,35.75,5,0.324,0,Web,Bronce,Centro,0,0,1,0,1
R200293,18,144.05,4,49.17,7,0.134,2,Web,Plata,Sur,0,0,0,1,1
R200294,54,76.87,7,8.0,10,0.107,0,App,Bronce,Centro,0,1,1,0,1
R200295,33,164.27,4,52.61,13,0.448,0,App,Plata,Centro,0,0,0,1,0
R200296,46,88.15,6,21.08,8,0.228,0,Web,Oro,Centro,0,1,0,0,0
R200297,70,121.16,4,25.06,13,0.445,1,Tienda,Plata,Norte,0,0,1,0,1
R200298,49,84.44,6,32.75,8,0.489,0,App,Bronce,Sur,0,0,0,1,0
R200299,36,78.6,5,22.45,8,0.41,2,Web,Bronce,Centro,1,0,0,0,0
R200300,30,102.72,5,16.99,11,0.393,2,Web,Plata,Sur,0,0,0,0,1
R200301,48,88.56,3,36.2,12,0.627,0,Web,Plata,Norte,0,0,0,1,0
R200302,75,153.88,4,31.64,7,0.357,0,Web,Bronce,Sur,0,1,0,0,0
R200303,36,65.6,3,22.58,13,0.467,1,App,Bronce,Centro,0,0,0,0,1
R200304,30,33.86,4,8.07,12,0.353,0,Web,Plata,Sur,0,1,0,0,0
R200305,35,67.92,3,27.55,2,0.681,0,App,Plata,Centro,0,1,0,0,0
R200306,44,83.9,3,28.23,10,0.569,0,App,Plata,Sur,0,1,0,1,0
R200307,61,346.83,6,57.07,13,0.499,1,App,Plata,Norte,1,1,0,0,0
R200308,73,81.86,4,10.15,6,0.314,0,Tienda,Plata,Centro,0,0,0,0,1
R200309,44,357.63,4,76.06,13,0.321,0,App,Bronce,Centro,0,0,0,1,0
R200310,66,142.27,4,29.32,12,0.399,1,Tienda,Plata,Norte,0,1,0,0,0
R200311,55,87.01,6,35.36,12,0.369,1,Tienda,Bronce,Norte,0,0,0,0,1
R200312,41,80.59,5,43.47,11,0.541,1,App,Bronce,Centro,1,1,0,1,1
R200313,45,155.1,5,43.99,6,0.623,0,Web,Plata,Centro,0,0,0,1,0
R200314,38,237.78,6,73.86,12,0.462,1,Web,Bronce,Centro,0,0,0,1,1
R200315,40,114.37,4,37.54,9,0.367,0,App,Bronce,Centro,1,0,1,0,1
R200316,23,62.11,6,19.98,10,0.254,1,Tienda,Bronce,Centro,1,1,0,1,1
R200317,59,243.82,9,28.73,6,0.375,0,App,Oro,Sur,0,0,0,1,1
R200318,37,78.73,6,12.75,11,0.633,1,App,Bronce,Centro,0,0,1,1,0
R200319,74,113.49,6,20.72,14,0.209,0,Tienda,Bronce,Sur,0,1,0,0,0
R200320,73,175.19,6,48.46,8,0.191,3,App,Bronce,Centro,0,1,0,0,1
R200321,73,301.22,4,81.35,14,0.092,0,Tienda,Bronce,Centro,0,1,0,0,1
R200322,34,130.97,4,28.85,16,0.232,1,Web,Bronce,Centro,0,0,0,0,1
R200323,56,106.09,3,52.6,10,0.483,1,Web,Bronce,Centro,1,0,0,0,0
R200324,37,152.72,9,13.98,9,0.309,0,Tienda,Bronce,Centro,0,0,1,0,1
R200325,55,171.4,4,41.32,8,0.206,0,App,Oro,Centro,0,0,0,1,0
R200326,22,101.64,2,71.65,7,0.262,2,Tienda,Bronce,Centro,0,1,0,0,0
R200327,51,93.32,1,86.28,10,0.173,1,App,Plata,Centro,0,0,0,1,0
R200328,50,116.49,3,59.59,11,0.69,0,Web,Oro,Norte,0,1,0,0,0
R200329,56,51.95,3,23.78,13,0.419,1,Web,Bronce,Centro,0,0,0,1,0
R200330,69,68.17,10,8.0,10,0.254,0,App,Oro,Sur,0,0,0,0,1
R200331,68,156.47,2,87.53,7,0.137,0,Tienda,Bronce,Sur,0,0,1,0,0
R200332,38,67.21,5,12.26,13,0.27,0,Tienda,Bronce,Centro,0,0,0,0,1
R200333,57,90.74,2,57.91,5,0.468,2,App,Bronce,Centro,0,0,0,0,1
R200334,69,81.7,1,92.05,9,0.352,0,Web,Bronce,Sur,0,1,0,1,0
R200335,71,44.96,2,48.02,13,0.507,1,Tienda,Bronce,Centro,0,0,0,0,1
R200336,51,88.64,2,39.68,8,0.423,0,Web,Plata,Centro,0,1,0,0,1
R200337,49,113.52,2,62.14,6,0.119,1,App,Bronce,Sur,0,1,0,0,0
R200338,45,67.48,7,23.47,12,0.063,2,App,Bronce,Centro,0,0,0,0,1
R200339,73,41.91,6,17.24,11,0.479,1,Tienda,Oro,Norte,0,0,0,0,1
R200340,31,284.13,9,46.47,13,0.05,2,Web,Oro,Centro,0,1,0,0,1
R200341,20,108.83,2,57.81,15,0.364,0,Web,Bronce,Centro,1,0,0,0,0
R200342,47,120.08,2,69.05,10,0.765,0,App,Bronce,Norte,0,0,0,1,1
R200343,27,69.21,4,17.62,13,0.195,0,App,Bronce,Centro,0,0,0,0,1
R200344,65,108.68,5,31.18,13,0.363,0,Web,Bronce,Sur,0,1,0,0,1
R200345,61,196.28,8,48.78,7,0.559,1,Web,Oro,Norte,0,0,0,0,1
R200346,67,38.88,4,33.77,16,0.318,2,App,Bronce,Sur,1,0,1,0,1
R200347,72,73.69,5,28.86,9,0.417,0,Web,Oro,Sur,1,1,1,1,1
R200348,29,164.54,7,34.21,6,0.453,1,App,Bronce,Norte,0,0,0,1,0
R200349,56,58.76,8,8.0,13,0.39,0,Web,Bronce,Centro,0,1,0,0,1
R200350,64,123.72,4,34.46,7,0.526,0,Web,Plata,Centro,0,1,0,0,0
R200351,70,154.14,4,59.17,10,0.448,1,App,Bronce,Sur,0,0,0,1,0
R200352,71,27.1,1,37.56,8,0.102,2,App,Bronce,Centro,0,1,0,0,0
R200353,30,63.32,5,27.89,5,0.397,2,Tienda,Bronce,Norte,0,0,0,0,1
R200354,72,251.98,6,53.58,7,0.129,1,App,Bronce,Norte,0,1,0,0,0
R200355,73,140.96,3,48.49,10,0.203,1,App,Oro,Sur,0,1,0,0,0
R200356,42,113.12,5,31.54,13,0.448,4,Web,Plata,Centro,0,1,0,0,0
R200357,48,175.09,2,115.97,15,0.409,0,App,Plata,Centro,0,0,0,1,1
R200358,58,127.41,7,23.0,11,0.622,0,App,Plata,Sur,0,1,0,0,1
R200359,41,95.46,4,35.66,9,0.489,0,Web,Bronce,Centro,0,0,0,0,1
R200360,67,72.96,4,14.76,12,0.485,1,App,Oro,Centro,0,1,0,0,0
R200361,47,221.37,4,61.59,12,0.522,2,Tienda,Bronce,Centro,0,0,0,1,1
R200362,43,73.66,4,8.0,12,0.229,2,App,Bronce,Sur,0,0,0,1,0
R200363,31,288.84,9,54.44,10,0.413,2,Tienda,Plata,Norte,0,1,0,1,0
R200364,70,83.13,2,35.76,11,0.396,0,Tienda,Bronce,Centro,0,0,0,0,1
R200365,72,178.21,4,42.27,11,0.204,0,Web,Oro,Centro,1,1,0,0,0
R200366,21,65.29,4,19.61,10,0.329,1,App,Oro,Centro,0,0,0,0,1
R200367,21,38.54,3,21.02,12,0.206,2,App,Oro,Centro,1,0,0,0,0
R200368,65,34.58,5,19.37,9,0.182,0,App,Plata,Sur,0,0,0,0,1
R200369,54,218.59,6,25.43,12,0.169,0,Web,Plata,Sur,0,1,0,0,0
R200370,70,408.63,6,76.63,4,0.184,0,Web,Plata,Centro,0,1,0,0,0
R200371,50,193.14,5,54.92,6,0.185,2,Web,Plata,Norte,0,0,0,0,1
R200372,75,117.54,7,17.96,11,0.514,0,Web,Oro,Centro,0,1,0,0,0
R200373,41,117.45,7,39.0,9,0.393,0,Web,Plata,Norte,0,0,0,1,0
R200374,28,255.85,5,71.76,4,0.751,0,App,Oro,Norte,0,0,0,1,0
R200375,56,98.41,6,20.56,10,0.457,2,Web,Plata,Sur,0,0,0,0,1
R200376,45,251.58,4,76.8,9,0.182,0,Tienda,Plata,Norte,1,0,1,0,0
R200377,66,144.44,7,37.61,12,0.569,1,App,Bronce,Centro,0,0,0,0,1
R200378,68,143.74,2,78.89,6,0.252,0,Tienda,Bronce,Centro,0,0,0,1,0
R200379,42,205.72,4,57.72,10,0.486,1,App,Bronce,Sur,0,0,0,1,0
R200380,44,76.3,2,50.67,4,0.3,0,Web,Oro,Sur,1,0,0,0,0
R200381,19,239.4,4,61.5,9,0.649,1,Tienda,Bronce,Centro,0,0,1,1,1
R200382,72,87.74,6,28.02,12,0.287,0,Web,Bronce,Sur,0,1,0,0,1
R200383,60,109.34,5,8.0,12,0.167,2,Tienda,Oro,Centro,0,1,0,0,0
R200384,27,112.69,6,43.61,12,0.384,0,App,Plata,Norte,1,0,0,1,0
R200385,19,99.81,7,39.19,14,0.498,0,Tienda,Plata,Centro,1,0,0,0,1
R200386,71,123.95,3,55.51,7,0.614,1,Tienda,Plata,Centro,0,1,0,0,0
R200387,57,117.85,2,68.26,6,0.526,0,App,Bronce,Centro,0,0,0,0,1
R200388,68,116.57,3,49.81,10,0.213,3,Web,Plata,Centro,0,1,0,0,0
R200389,56,139.43,10,8.0,14,0.263,1,Web,Plata,Centro,0,0,0,0,1
R200390,67,106.12,5,22.75,5,0.19,1,Web,Bronce,Sur,0,1,0,0,0
R200391,29,88.62,7,23.57,10,0.272,2,Web,Oro,Sur,0,1,0,0,1
R200392,60,128.39,4,28.5,15,0.372,2,Web,Oro,Centro,0,1,0,0,0
R200393,58,48.91,5,24.43,8,0.373,0,Web,Plata,Centro,0,0,0,0,1
R200394,42,117.47,2,66.41,10,0.317,0,Web,Plata,Centro,0,0,0,1,0
R200395,20,18.63,9,8.34,10,0.263,2,Tienda,Bronce,Sur,0,0,0,0,1
R200396,38,136.66,8,36.93,4,0.075,0,App,Oro,Centro,0,0,0,0,1
R200397,52,217.84,7,50.64,10,0.457,2,Web,Plata,Centro,0,1,1,0,1
R200398,49,162.2,7,33.02,7,0.269,0,App,Bronce,Centro,0,0,1,0,0
R200399,75,168.76,6,28.98,16,0.649,0,Tienda,Oro,Centro,0,1,0,0,0
R200400,68,60.04,3,26.54,11,0.19,0,Web,Bronce,Centro,0,1,0,0,0
R200401,60,42.39,1,61.2,9,0.266,0,App,Bronce,Centro,0,1,0,0,0
R200402,59,292.02,3,111.96,12,0.566,1,App,Bronce,Centro,0,1,0,0,0
R200403,33,113.64,4,39.65,8,0.063,0,Web,Plata,Centro,0,0,0,0,1
R200404,42,95.51,7,24.76,12,0.323,1,App,Plata,Norte,1,0,0,0,0
R200405,63,152.74,8,21.36,8,0.311,0,Web,Plata,Centro,0,0,0,0,1
R200406,29,71.57,3,38.66,11,0.254,1,App,Plata,Centro,1,1,0,1,0
R200407,61,111.13,6,36.81,9,0.401,0,Tienda,Bronce,Norte,0,0,0,0,1
R200408,23,116.18,2,63.17,9,0.083,1,App,Oro,Norte,0,0,1,0,0
R200409,69,34.04,3,19.84,7,0.511,0,App,Bronce,Sur,0,1,0,0,0
R200410,66,132.46,4,38.62,9,0.123,0,App,Bronce,Norte,0,0,0,0,1
R200411,19,176.64,5,32.23,11,0.548,1,Web,Bronce,Centro,0,0,0,1,0
R200412,48,94.23,8,25.23,6,0.436,0,App,Oro,Centro,1,0,0,0,1
R200413,34,207.18,6,50.43,10,0.683,1,App,Plata,Centro,0,0,0,1,0
R200414,22,109.25,2,56.75,12,0.388,0,App,Bronce,Centro,1,0,0,0,1
R200415,54,35.78,4,23.36,9,0.596,0,App,Plata,Centro,0,0,0,0,1
R200416,27,80.82,3,26.25,8,0.247,0,Web,Plata,Norte,0,1,1,0,0
R200417,51,138.37,4,39.01,11,0.184,0,Web,Plata,Centro,0,0,0,0,1
R200418,37,231.33,1,220.0,12,0.349,1,App,Bronce,Centro,1,1,1,1,0
R200419,73,160.61,6,40.72,7,0.327,3,Tienda,Bronce,Centro,0,1,0,0,1
R200420,36,198.33,6,39.17,6,0.253,0,App,Oro,Sur,1,1,0,0,0
R200421,59,116.24,3,44.81,9,0.148,0,Web,Plata,Centro,0,1,0,0,0
R200422,33,77.18,6,20.5,8,0.384,1,App,Oro,Norte,1,0,0,0,1
R200423,18,104.28,3,36.55,8,0.316,1,Web,Plata,Sur,0,0,0,1,0
R200424,55,110.0,2,52.88,9,0.182,1,Web,Oro,Centro,0,1,0,1,1
R200425,39,118.06,7,8.95,7,0.607,1,Tienda,Plata,Norte,0,0,0,1,1
R200426,31,57.35,2,26.1,7,0.119,0,Web,Bronce,Centro,0,0,0,0,1
R200427,63,195.16,5,52.53,9,0.393,1,App,Bronce,Centro,0,0,0,0,1
R200428,60,58.78,4,19.34,12,0.212,0,App,Plata,Centro,0,1,0,0,1
R200429,69,160.36,7,37.06,12,0.697,1,Tienda,Oro,Centro,0,1,0,0,0
R200430,70,108.69,4,33.58,14,0.143,3,Web,Oro,Norte,0,1,0,0,0
R200431,41,181.97,4,47.86,7,0.687,0,App,Bronce,Norte,0,0,0,0,1
R200432,43,166.35,7,32.35,10,0.198,1,App,Bronce,Centro,0,0,0,0,1
R200433,46,225.36,4,61.79,6,0.195,0,Web,Bronce,Sur,0,1,1,0,0
R200434,67,86.09,5,26.73,17,0.333,1,App,Plata,Norte,0,1,0,0,1
R200435,42,182.34,5,45.37,13,0.368,1,Tienda,Bronce,Sur,0,0,0,0,1
R200436,72,64.51,7,28.45,15,0.278,1,Web,Bronce,Sur,0,0,0,0,1
R200437,51,171.9,1,164.4,10,0.5,0,App,Bronce,Centro,0,1,0,0,0
R200438,57,91.34,6,30.99,4,0.35,0,App,Oro,Sur,1,0,0,1,0
R200439,56,91.82,5,29.96,11,0.069,0,App,Plata,Sur,0,0,0,0,1
R200440,58,176.24,5,38.28,7,0.223,1,Web,Bronce,Norte,0,1,0,0,0
R200441,35,109.06,2,67.05,16,0.09,2,App,Bronce,Centro,0,1,0,0,0
R200442,42,185.29,11,8.0,11,0.459,0,App,Oro,Norte,0,1,1,0,1
R200443,34,171.19,5,44.52,10,0.563,3,Web,Bronce,Norte,1,0,0,0,0
R200444,68,98.96,4,29.76,14,0.149,1,App,Bronce,Centro,0,0,0,0,1
R200445,19,139.91,10,21.08,9,0.427,3,Tienda,Oro,Sur,0,0,0,0,1
R200446,66,143.73,2,80.86,9,0.138,1,Web,Bronce,Centro,0,0,0,1,0
R200447,74,149.76,7,24.91,13,0.775,1,Web,Bronce,Centro,0,1,0,0,0
R200448,40,49.62,4,8.0,14,0.182,1,App,Plata,Sur,0,1,0,1,1
R200449,34,116.65,4,33.82,7,0.524,2,App,Plata,Centro,1,0,0,0,1
R200450,20,130.56,3,51.16,11,0.414,3,Tienda,Bronce,Centro,0,1,0,0,0
R200451,53,108.41,6,11.09,9,0.537,1,App,Oro,Sur,0,0,0,0,1
R200452,64,88.78,4,35.03,8,0.179,1,Tienda,Bronce,Centro,0,1,0,0,0
R200453,26,97.66,8,28.99,8,0.029,0,Tienda,Plata,Sur,1,0,0,0,0
R200454,48,176.85,2,102.68,13,0.132,0,Web,Bronce,Centro,0,1,0,0,1
R200455,57,61.46,8,14.19,9,0.47,1,Tienda,Oro,Centro,0,0,0,0,1
R200456,46,91.21,6,18.04,11,0.509,0,Tienda,Plata,Centro,0,0,0,0,1
R200457,32,102.9,5,34.07,9,0.069,1,App,Plata,Norte,0,0,1,1,0
R200458,22,125.44,4,40.32,9,0.356,0,Web,Bronce,Centro,0,1,0,1,0
R200459,23,175.16,5,35.22,9,0.264,1,Tienda,Oro,Norte,1,0,1,0,1
R200460,44,49.18,7,21.99,7,0.044,1,Web,Bronce,Centro,0,0,0,1,0
R200461,47,112.35,4,39.44,6,0.085,1,App,Oro,Norte,0,1,0,0,0
R200462,22,80.88,4,25.98,7,0.327,0,Web,Plata,Norte,0,0,0,1,0
R200463,60,181.04,5,32.71,4,0.481,1,App,Plata,Centro,1,0,0,1,1
R200464,75,235.81,4,45.59,10,0.5,1,App,Oro,Sur,0,1,0,0,0
R200465,47,93.35,6,34.28,12,0.164,0,App,Bronce,Norte,0,0,0,0,1
R200466,57,127.12,4,45.66,6,0.861,1,Tienda,Bronce,Centro,0,1,0,1,0
R200467,32,294.96,8,54.97,11,0.211,3,Web,Plata,Centro,0,1,0,1,0
R200468,20,113.28,5,28.42,14,0.513,0,App,Bronce,Centro,0,0,1,1,0
R200469,59,74.07,5,23.75,9,0.468,0,App,Bronce,Sur,0,1,0,0,0
R200470,62,135.44,5,26.7,8,0.337,2,App,Bronce,Centro,0,1,0,0,1
R200471,43,88.96,3,17.76,10,0.611,0,App,Bronce,Centro,0,0,0,1,1
R200472,40,171.69,8,36.45,8,0.477,0,Web,Bronce,Centro,1,0,0,0,1
R200473,46,108.47,8,25.3,5,0.679,0,Web,Plata,Centro,1,0,0,0,1
R200474,47,84.17,3,30.42,6,0.616,0,Web,Bronce,Centro,0,0,0,0,1
R200475,24,92.17,2,64.41,6,0.49,0,App,Bronce,Sur,0,0,0,0,1
R200476,22,219.1,6,61.85,18,0.779,1,App,Oro,Centro,1,0,0,1,0
R200477,37,245.95,6,56.98,10,0.401,0,Web,Bronce,Norte,0,0,0,1,0
R200478,59,125.21,5,36.81,8,0.328,2,Tienda,Plata,Norte,0,0,0,1,0
R200479,41,84.41,6,22.93,6,0.578,2,Web,Plata,Sur,1,0,0,0,1
R200480,54,184.4,6,53.15,8,0.263,1,Tienda,Plata,Sur,0,1,0,0,0
R200481,27,56.03,5,20.24,8,0.238,0,Web,Bronce,Sur,0,0,0,0,1
R200482,62,78.79,5,26.65,11,0.359,1,Tienda,Plata,Sur,0,0,1,1,0
R200483,47,37.76,3,8.9,12,0.307,0,App,Bronce,Sur,0,0,1,0,0
R200484,31,63.29,8,18.15,12,0.305,3,App,Plata,Centro,0,0,0,0,1
R200485,44,201.25,11,39.49,11,0.256,1,Web,Plata,Centro,0,0,0,0,1
R200486,21,76.67,2,35.82,13,0.191,0,Tienda,Plata,Norte,1,0,0,0,0
R200487,54,86.35,7,13.51,5,0.252,0,Web,Bronce,Norte,0,0,0,0,1
R200488,55,127.08,4,26.87,7,0.583,1,Web,Bronce,Centro,0,1,0,0,1
R200489,65,64.82,7,21.34,8,0.341,0,Web,Bronce,Sur,0,1,0,0,1
R200490,52,161.72,5,38.7,11,0.252,1,App,Plata,Centro,0,0,0,1,0
R200491,32,162.98,2,78.15,6,0.43,0,Tienda,Bronce,Centro,0,0,0,1,0
R200492,64,57.13,6,11.98,8,0.132,1,App,Bronce,Centro,0,1,0,0,1
R200493,57,139.09,6,27.74,11,0.368,4,App,Bronce,Sur,0,1,0,1,1
R200494,58,175.62,5,54.88,7,0.12,1,Web,Bronce,Centro,0,0,0,0,1
R200495,32,204.4,3,68.95,11,0.356,1,Tienda,Plata,Sur,0,0,0,1,0
R200496,61,178.79,5,41.74,11,0.419,0,Web,Plata,Centro,0,1,0,0,0
R200497,65,76.77,6,42.57,6,0.601,0,Tienda,Plata,Sur,0,0,0,0,1
R200498,22,147.22,6,28.0,12,0.103,1,App,Plata,Norte,1,0,1,1,0
R200499,72,228.34,11,38.01,10,0.071,0,App,Bronce,Centro,0,1,0,0,0
R200500,23,127.17,2,85.64,12,0.245,0,App,Plata,Norte,1,0,1,0,0
R200501,40,72.77,4,34.68,10,0.343,2,Tienda,Oro,Centro,0,1,0,0,0
R200502,49,112.42,3,57.33,3,0.292,2,Tienda,Oro,Centro,0,0,0,1,1
R200503,24,98.22,2,67.46,16,0.389,1,Tienda,Bronce,Centro,0,0,0,1,0
R200504,31,147.22,9,29.42,13,0.209,1,Web,Plata,Norte,0,0,0,0,1
R200505,62,165.21,6,42.86,7,0.299,0,App,Plata,Sur,1,1,1,0,0
R200506,24,179.48,5,31.07,8,0.464,1,App,Oro,Centro,0,1,0,0,0
R200507,30,83.63,5,23.06,16,0.235,1,Tienda,Plata,Sur,0,0,1,0,0
R200508,43,54.17,7,8.58,5,0.396,1,App,Oro,Centro,0,0,0,0,1
R200509,43,95.6,7,10.88,12,0.629,1,App,Plata,Norte,0,0,0,0,1
R200510,49,108.32,7,20.63,10,0.19,0,App,Bronce,Sur,0,0,0,0,1
R200511,24,90.5,4,33.54,9,0.714,0,Web,Bronce,Sur,0,1,1,0,1
R200512,42,177.05,7,23.17,10,0.4,0,Web,Bronce,Centro,0,0,1,0,1
R200513,75,73.77,2,24.87,7,0.161,2,App,Oro,Centro,0,0,0,0,1
R200514,75,92.44,5,30.65,10,0.386,2,Web,Bronce,Sur,0,1,0,0,0
R200515,55,141.1,7,34.42,7,0.386,2,App,Bronce,Centro,0,0,0,1,0
R200516,33,293.66,6,70.24,18,0.119,1,Web,Bronce,Centro,0,1,0,0,1
R200517,49,115.4,6,31.7,8,0.38,0,App,Plata,Centro,1,1,0,0,0
R200518,55,146.0,7,43.36,10,0.341,3,App,Plata,Sur,0,1,0,0,0
R200519,43,74.58,3,40.08,9,0.055,2,Tienda,Plata,Norte,0,0,0,0,1
R200520,44,292.68,10,30.48,8,0.542,0,Tienda,Plata,Centro,0,1,1,0,1
R200521,35,212.89,5,59.2,11,0.392,0,App,Bronce,Centro,1,0,0,1,1
R200522,21,189.09,8,45.98,16,0.236,1,Tienda,Plata,Centro,0,0,0,1,1
R200523,40,60.22,6,23.49,7,0.181,0,Web,Plata,Centro,1,0,0,1,0
R200524,51,220.75,6,43.54,14,0.32,1,App,Plata,Sur,0,1,0,0,0
R200525,51,186.55,1,203.72,12,0.576,0,Web,Bronce,Centro,0,1,1,0,0
R200526,54,72.3,2,57.07,7,0.287,1,App,Bronce,Sur,1,1,0,0,1
R200527,47,164.61,2,88.57,5,0.387,0,App,Plata,Sur,0,0,0,1,0
R200528,47,204.77,6,67.38,15,0.301,1,App,Bronce,Norte,0,0,0,1,1
R200529,30,28.72,6,18.32,10,0.352,0,Tienda,Oro,Norte,1,0,0,1,0
R200530,45,131.37,9,16.73,8,0.172,0,Web,Bronce,Centro,0,0,1,1,0
R200531,54,127.05,2,56.14,7,0.224,0,Web,Bronce,Sur,0,0,1,0,0
R200532,42,39.39,5,8.0,8,0.446,1,App,Plata,Sur,1,0,0,0,0
R200533,36,115.94,4,43.7,11,0.428,0,Tienda,Bronce,Norte,1,1,1,0,0
R200534,56,41.23,5,15.04,16,0.301,0,Web,Bronce,Centro,0,1,0,0,0
R200535,45,72.29,2,42.52,8,0.651,0,Tienda,Plata,Centro,0,0,0,0,1
R200536,53,144.28,3,77.52,6,0.511,0,Tienda,Bronce,Centro,0,0,0,0,1
R200537,58,67.22,5,40.0,8,0.274,1,Web,Plata,Centro,0,0,0,0,1
R200538,52,38.34,9,23.58,12,0.249,0,Tienda,Bronce,Centro,0,1,0,0,0
R200539,66,98.57,7,8.39,5,0.263,1,App,Plata,Centro,0,0,1,1,0
R200540,31,111.95,2,51.56,11,0.264,1,Web,Plata,Centro,1,0,0,1,1
R200541,54,82.57,6,23.99,11,0.418,0,App,Bronce,Centro,0,0,0,0,1
R200542,63,181.01,7,42.96,14,0.161,2,App,Oro,Sur,0,1,0,1,1
R200543,75,62.43,4,33.23,7,0.44,1,Tienda,Bronce,Sur,0,1,0,0,0
R200544,33,91.63,4,16.24,9,0.556,0,Tienda,Plata,Norte,0,0,0,1,0
R200545,49,257.33,4,60.43,7,0.068,1,Web,Bronce,Sur,0,0,0,1,0
R200546,51,37.83,4,28.85,11,0.554,2,Web,Bronce,Centro,0,0,0,0,1
R200547,35,146.02,7,23.75,11,0.075,1,App,Bronce,Norte,0,1,0,1,0
R200548,32,135.48,2,81.73,13,0.338,1,App,Plata,Centro,1,0,0,0,0
R200549,62,104.83,2,50.41,8,0.425,1,Tienda,Plata,Sur,0,1,0,0,0
R200550,57,163.29,2,87.04,9,0.438,0,App,Oro,Centro,0,0,0,0,1
R200551,18,111.54,6,38.27,9,0.393,0,Tienda,Oro,Norte,0,1,0,0,0
R200552,70,170.08,4,37.2,13,0.62,0,App,Bronce,Centro,0,0,0,0,1
R200553,57,145.12,8,32.72,7,0.495,0,Tienda,Bronce,Centro,0,0,0,0,1
R200554,55,156.61,3,68.95,5,0.454,2,Web,Plata,Centro,0,0,1,0,0
R200555,36,17.16,6,18.59,17,0.286,1,App,Plata,Centro,0,0,0,0,1
R200556,54,70.96,4,21.85,12,0.179,1,App,Oro,Sur,0,1,0,0,0
R200557,49,168.3,6,29.06,9,0.185,0,Tienda,Oro,Centro,0,0,1,0,0
R200558,60,28.22,7,8.0,12,0.13,1,Web,Bronce,Centro,0,0,0,0,1
R200559,57,120.15,8,36.63,10,0.254,2,Tienda,Plata,Centro,1,0,0,0,0
R200560,45,60.9,4,9.63,8,0.394,0,Web,Plata,Norte,0,0,0,0,1
R200561,57,196.87,1,209.95,7,0.698,0,Web,Bronce,Centro,0,0,0,0,1
R200562,72,139.98,7,23.3,7,0.577,0,App,Plata,Centro,0,0,0,0,1
R200563,40,169.11,5,42.3,11,0.169,0,Tienda,Oro,Centro,1,0,0,0,1
R200564,51,133.11,4,59.05,1,0.272,0,App,Plata,Sur,0,1,0,0,0
R200565,29,97.82,2,51.76,13,0.233,0,Tienda,Bronce,Centro,1,0,0,0,0
R200566,60,31.64,4,19.19,12,0.333,0,App,Bronce,Norte,0,0,0,0,1
R200567,73,172.49,4,60.37,4,0.197,0,Web,Oro,Norte,1,0,0,1,0
R200568,22,59.37,10,8.0,9,0.35,1,Web,Oro,Centro,0,0,0,0,1
R200569,32,32.01,4,21.09,11,0.436,1,Web,Bronce,Centro,1,0,0,1,0
R200570,47,107.44,8,8.0,12,0.382,0,Web,Bronce,Norte,0,0,1,0,1
R200571,41,223.35,1,220.0,10,0.369,1,Tienda,Bronce,Centro,0,0,0,1,1
R200572,28,43.6,7,30.38,10,0.618,1,Web,Bronce,Centro,0,1,0,0,1
R200573,22,86.55,4,20.44,11,0.267,0,Web,Bronce,Norte,0,0,0,1,0
R200574,55,149.91,5,42.47,12,0.41,0,App,Plata,Norte,0,1,0,0,0
R200575,48,38.05,3,19.19,10,0.516,1,App,Oro,Centro,0,1,0,1,0
R200576,56,69.64,6,33.67,10,0.529,1,App,Bronce,Sur,0,1,0,0,0
R200577,26,152.63,7,24.19,10,0.808,2,App,Bronce,Norte,0,0,0,0,1
R200578,69,76.6,5,31.51,9,0.194,2,App,Plata,Sur,0,1,0,0,0
R200579,43,48.97,2,38.91,12,0.281,1,Web,Oro,Centro,1,0,0,1,1
R200580,33,98.91,5,21.25,9,0.519,1,Web,Oro,Sur,0,0,0,0,1
R200581,26,101.27,9,13.17,11,0.582,0,App,Bronce,Centro,0,0,0,0,1
R200582,47,230.98,3,89.4,13,0.219,1,App,Bronce,Norte,0,0,0,0,1
R200583,21,92.6,4,28.6,11,0.274,1,Web,Bronce,Norte,0,0,0,1,0
R200584,21,261.63,5,60.06,8,0.576,0,App,Plata,Norte,1,1,0,1,0
R200585,34,227.43,5,52.48,7,0.326,0,App,Bronce,Centro,0,1,0,1,1
R200586,66,162.53,3,65.49,6,0.286,0,App,Bronce,Sur,0,1,0,0,0
R200587,60,92.48,7,17.3,10,0.183,1,App,Bronce,Sur,0,0,0,1,0
R200588,43,75.82,6,19.97,11,0.384,1,App,Bronce,Centro,0,0,0,0,1
R200589,27,52.77,7,12.16,8,0.648,1,Tienda,Plata,Norte,0,0,0,0,1
R200590,66,27.48,3,24.73,9,0.229,1,App,Oro,Centro,0,0,1,0,0
R200591,33,146.25,7,22.85,13,0.271,0,Tienda,Bronce,Centro,0,0,0,0,1
R200592,58,98.15,6,24.73,13,0.684,0,Web,Bronce,Sur,1,0,0,1,0
R200593,44,82.96,4,57.8,12,0.483,1,Web,Bronce,Centro,1,0,0,0,0
R200594,39,182.33,7,36.59,10,0.045,1,Web,Oro,Centro,0,1,0,0,0
R200595,27,168.81,2,107.75,11,0.442,1,Tienda,Bronce,Norte,1,0,1,0,0
R200596,74,103.51,6,22.71,18,0.264,1,App,Oro,Centro,0,0,0,0,1
R200597,50,76.36,1,83.1,8,0.184,0,App,Plata,Sur,0,1,0,0,0
R200598,25,55.6,4,17.33,12,0.199,3,Tienda,Bronce,Sur,0,0,0,0,1
R200599,56,258.38,3,94.0,10,0.107,1,Tienda,Plata,Centro,0,0,0,0,1
R200600,46,42.0,4,21.9,12,0.434,2,Tienda,Bronce,Sur,0,0,0,0,1
R200601,53,86.51,7,16.22,7,0.136,1,Tienda,Bronce,Sur,0,0,0,0,1
R200602,66,51.27,2,35.11,10,0.23,3,Web,Plata,Norte,0,1,0,0,0
R200603,68,192.41,7,33.56,12,0.51,0,Web,Plata,Norte,0,1,0,0,0
R200604,30,64.12,2,43.97,9,0.295,2,App,Bronce,Sur,0,0,0,1,0
R200605,23,155.39,3,54.18,10,0.114,0,Tienda,Oro,Sur,0,1,0,0,0
R200606,24,146.65,1,170.81,8,0.224,1,Web,Bronce,Centro,0,1,0,0,0
R200607,55,96.54,6,40.97,7,0.344,0,Web,Oro,Norte,0,1,0,0,0
R200608,52,91.06,6,22.77,7,0.211,0,App,Oro,Sur,0,0,1,0,1
R200609,73,62.89,3,22.25,10,0.415,0,App,Plata,Sur,0,1,0,0,1
R200610,44,47.25,5,21.44,7,0.314,0,Web,Oro,Centro,0,0,0,0,1
R200611,69,264.7,4,55.11,12,0.391,2,Web,Bronce,Norte,1,0,1,0,0
R200612,22,91.53,5,28.79,12,0.084,1,Tienda,Bronce,Norte,0,0,1,0,1
R200613,74,70.28,1,75.55,11,0.355,2,Web,Oro,Norte,1,0,0,0,0
R200614,58,104.5,6,15.73,10,0.298,2,App,Bronce,Centro,0,0,0,1,1
R200615,66,131.6,4,35.88,9,0.503,0,App,Bronce,Norte,0,1,0,0,0
R200616,50,144.5,2,68.28,9,0.169,0,Web,Plata,Sur,0,1,0,0,0
R200617,27,115.11,6,20.73,11,0.159,0,App,Oro,Centro,1,1,0,0,0
R200618,52,146.91,6,27.61,8,0.084,0,Web,Oro,Centro,0,1,0,0,0
R200619,31,131.02,6,33.46,13,0.368,0,Tienda,Bronce,Sur,1,0,0,0,0
R200620,55,142.54,6,32.04,8,0.396,1,App,Plata,Sur,0,1,0,0,0
R200621,75,127.27,7,31.67,7,0.238,5,App,Bronce,Sur,0,1,0,1,0
R200622,46,123.11,6,27.62,11,0.383,0,App,Oro,Centro,1,1,1,0,1
R200623,53,67.72,2,34.93,13,0.34,0,App,Plata,Norte,0,0,0,1,0
R200624,26,84.91,11,10.7,7,0.398,1,App,Bronce,Centro,0,0,0,0,1
R200625,53,48.89,5,18.3,12,0.217,3,Web,Plata,Centro,0,0,0,0,1
R200626,41,155.29,4,65.44,11,0.574,0,App,Oro,Centro,0,0,0,1,0
R200627,25,76.57,6,10.08,8,0.499,2,Web,Bronce,Centro,0,1,0,0,0
R200628,20,85.35,4,27.81,10,0.276,1,App,Plata,Centro,1,0,0,0,0
R200629,34,90.63,2,53.07,12,0.234,1,Web,Bronce,Centro,0,0,0,1,0
R200630,67,116.08,3,52.66,10,0.582,1,Tienda,Bronce,Sur,0,0,0,0,1
R200631,41,168.67,3,52.5,9,0.091,2,Web,Oro,Centro,0,1,0,0,0
R200632,38,77.18,2,41.31,11,0.254,1,Web,Bronce,Centro,0,0,0,1,0
R200633,25,255.12,8,34.6,11,0.341,1,Tienda,Plata,Centro,1,0,0,1,1
R200634,52,109.87,5,26.1,10,0.166,0,Web,Plata,Norte,0,1,1,1,0
R200635,61,209.3,4,70.82,9,0.29,0,App,Plata,Centro,0,1,0,0,0
R200636,64,149.14,5,32.1,11,0.542,1,Web,Plata,Sur,0,0,0,1,1
R200637,52,126.75,6,37.87,16,0.348,0,App,Bronce,Sur,0,1,0,0,0
R200638,54,108.47,8,13.36,4,0.113,0,Tienda,Bronce,Sur,0,1,0,0,0
R200639,28,334.13,7,41.51,12,0.454,0,App,Bronce,Centro,0,0,0,1,0
R200640,22,82.83,1,92.19,6,0.269,1,App,Bronce,Norte,0,0,1,0,0
R200641,19,227.35,4,60.09,10,0.41,0,App,Bronce,Sur,0,0,1,0,0
R200642,31,88.55,2,61.74,13,0.6,1,App,Plata,Norte,0,0,0,0,1
R200643,67,192.01,3,66.67,7,0.349,1,Web,Bronce,Sur,0,1,0,0,1
R200644,18,22.79,8,8.0,4,0.138,2,App,Bronce,Sur,0,1,0,0,1
R200645,22,93.04,5,23.06,17,0.198,0,Web,Plata,Centro,0,0,0,0,1
R200646,46,132.5,6,28.22,8,0.277,1,App,Bronce,Sur,0,0,0,0,1
R200647,24,255.53,10,18.5,10,0.157,1,Web,Bronce,Norte,0,0,0,1,0
R200648,41,110.81,3,42.75,14,0.353,1,Web,Bronce,Centro,0,0,0,0,1
R200649,70,104.51,6,44.0,9,0.397,0,App,Bronce,Centro,0,0,0,1,0
R200650,63,89.35,8,29.8,12,0.384,0,Tienda,Oro,Norte,0,1,0,0,0
R200651,45,83.14,5,33.3,13,0.389,2,Tienda,Bronce,Norte,0,1,0,1,0
R200652,51,118.76,5,48.62,14,0.284,1,Tienda,Bronce,Centro,0,1,0,0,0
R200653,56,176.69,4,44.09,11,0.038,1,Tienda,Bronce,Centro,0,0,0,0,1
R200654,37,168.24,7,25.01,9,0.585,0,Web,Bronce,Sur,0,0,0,0,1
R200655,32,103.27,4,46.62,9,0.303,1,App,Plata,Centro,0,0,0,1,0
R200656,70,121.0,7,9.72,5,0.316,1,App,Bronce,Centro,1,1,1,1,0
R200657,47,291.7,5,71.95,9,0.563,1,Tienda,Plata,Centro,0,1,0,1,1
R200658,42,370.54,8,45.44,15,0.149,0,Web,Bronce,Centro,1,0,0,1,0
R200659,34,107.24,6,38.67,10,0.557,0,Web,Plata,Centro,1,0,1,0,1
R200660,56,102.35,7,27.59,8,0.329,1,Web,Plata,Norte,0,0,0,0,1
R200661,56,116.63,8,36.22,9,0.158,3,App,Bronce,Centro,0,1,0,0,1
R200662,35,149.35,4,36.31,11,0.556,0,App,Bronce,Centro,0,0,0,1,0
R200663,26,134.09,4,26.11,12,0.665,0,App,Oro,Centro,0,1,1,0,1
R200664,33,46.37,5,20.65,12,0.61,1,Tienda,Plata,Centro,0,0,0,0,1
R200665,39,130.12,4,48.54,10,0.33,0,App,Bronce,Centro,0,0,1,1,0
R200666,54,130.87,5,50.09,17,0.421,1,Web,Plata,Sur,0,1,0,0,0
R200667,40,185.12,5,56.08,10,0.408,2,Tienda,Bronce,Centro,0,1,0,0,1
R200668,63,107.07,3,19.09,10,0.482,1,App,Bronce,Centro,0,0,0,0,1
R200669,60,158.75,3,61.8,9,0.283,2,App,Plata,Sur,0,1,0,0,0
R200670,69,137.06,4,44.79,20,0.292,0,Web,Bronce,Centro,0,0,0,0,1
R200671,56,79.65,5,17.07,10,0.445,0,Tienda,Plata,Centro,0,1,0,1,0
R200672,33,85.04,6,20.96,10,0.185,1,Web,Oro,Sur,0,0,0,0,1
R200673,36,156.94,4,51.81,11,0.464,0,Web,Bronce,Sur,0,1,0,0,0
R200674,43,97.14,3,42.57,5,0.478,2,App,Bronce,Centro,0,0,0,0,1
R200675,66,175.11,7,23.04,8,0.296,0,Web,Oro,Sur,0,1,0,0,0
R200676,65,96.72,4,36.96,12,0.13,1,Tienda,Plata,Centro,0,1,0,0,1
R200677,46,267.19,2,151.82,13,0.481,0,Web,Bronce,Sur,0,1,0,1,0
R200678,24,75.56,4,26.82,9,0.414,0,Tienda,Bronce,Sur,0,1,1,1,0
R200679,66,142.57,4,45.22,16,0.235,0,Tienda,Plata,Sur,0,1,0,0,1
R200680,63,111.44,6,37.31,12,0.668,1,Tienda,Plata,Norte,0,0,0,0,1
R200681,48,44.6,10,11.08,6,0.316,0,Tienda,Bronce,Norte,0,0,1,0,0
R200682,27,42.99,3,22.79,9,0.689,3,App,Plata,Centro,1,0,1,0,1
R200683,62,264.38,3,104.03,14,0.335,1,App,Bronce,Centro,0,1,0,0,1
R200684,66,317.4,6,50.59,11,0.38,1,App,Bronce,Centro,0,1,0,1,0
R200685,18,315.6,3,117.42,7,0.314,1,App,Plata,Centro,0,0,0,1,0
R200686,71,37.92,8,8.0,13,0.183,0,Tienda,Bronce,Sur,0,0,0,0,1
R200687,58,175.06,5,30.63,11,0.217,1,App,Oro,Centro,0,0,0,1,1
R200688,21,60.82,4,24.1,10,0.481,0,Tienda,Plata,Norte,0,0,0,0,1
R200689,59,136.26,3,58.21,8,0.211,0,Web,Plata,Sur,0,1,0,0,0
R200690,63,165.72,2,101.93,11,0.35,1,Web,Bronce,Centro,0,1,0,0,0
R200691,71,61.77,2,46.24,12,0.486,1,App,Oro,Sur,0,1,0,0,0
R200692,68,86.57,8,25.62,13,0.302,0,Tienda,Bronce,Centro,1,0,0,0,0
R200693,41,129.78,7,29.22,11,0.542,1,Web,Oro,Centro,0,1,0,1,1
R200694,45,121.63,3,41.31,8,0.456,2,App,Oro,Centro,0,1,0,0,0
R200695,44,153.52,2,69.5,13,0.354,0,Tienda,Oro,Norte,1,0,0,0,1
R200696,28,125.25,4,30.56,13,0.123,0,Tienda,Plata,Sur,0,0,0,1,0
R200697,28,89.4,4,25.18,13,0.33,0,Web,Bronce,Sur,0,1,0,0,0
R200698,59,154.09,8,19.47,6,0.258,0,Web,Bronce,Sur,0,1,0,0,0
R200699,63,180.75,5,57.19,7,0.177,0,Web,Bronce,Centro,0,0,0,0,1
R200700,65,126.43,4,28.82,13,0.367,0,Tienda,Bronce,Centro,0,0,0,0,1
R200701,46,69.18,5,29.32,9,0.344,1,Tienda,Oro,Norte,0,0,0,0,1
R200702,63,102.47,5,24.61,9,0.197,0,App,Plata,Centro,0,0,0,0,1
R200703,52,159.08,3,58.12,10,0.505,1,Tienda,Plata,Centro,0,1,0,0,0
R200704,24,105.1,2,65.24,6,0.444,1,App,Plata,Centro,0,0,0,1,0
R200705,58,86.41,4,22.28,19,0.568,4,App,Bronce,Centro,1,1,0,0,0
R200706,74,135.81,2,68.31,1,0.295,2,Web,Plata,Norte,0,1,0,0,0
R200707,50,68.49,4,49.55,7,0.447,0,Tienda,Bronce,Centro,0,0,0,0,1
R200708,41,70.45,4,36.84,5,0.546,0,App,Plata,Sur,0,0,1,0,0
R200709,54,153.09,6,34.22,9,0.552,1,Web,Plata,Centro,0,0,1,0,1
R200710,57,95.91,7,32.09,9,0.237,2,Tienda,Bronce,Sur,1,0,0,0,0
R200711,67,124.55,3,41.46,8,0.239,0,Web,Bronce,Sur,0,1,0,0,0
R200712,44,117.94,8,31.22,8,0.409,2,Tienda,Oro,Norte,0,1,0,0,0
R200713,65,351.55,6,70.7,12,0.162,0,Web,Bronce,Norte,0,1,0,1,0
R200714,54,262.07,4,75.65,10,0.135,0,App,Plata,Centro,0,1,0,0,0
R200715,29,104.09,5,32.08,10,0.36,1,Tienda,Plata,Norte,0,0,0,0,1
R200716,58,34.2,5,8.08,7,0.524,1,Web,Plata,Sur,0,0,0,0,1
R200717,38,86.53,6,20.22,2,0.198,0,Web,Bronce,Sur,0,0,1,0,0
R200718,74,65.44,2,39.53,10,0.505,0,App,Plata,Centro,0,1,0,0,0
R200719,73,135.62,3,53.65,4,0.595,1,Tienda,Bronce,Norte,0,1,0,0,0
R200720,61,128.92,1,131.82,14,0.282,1,App,Bronce,Centro,0,0,1,0,1
R200721,21,110.49,6,38.13,12,0.429,1,Web,Bronce,Sur,0,0,1,0,0
R200722,43,52.58,8,33.18,9,0.362,1,Web,Bronce,Centro,0,0,0,0,1
R200723,50,50.21,4,31.57,16,0.085,1,App,Bronce,Centro,0,0,0,0,1
R200724,64,78.02,4,16.34,5,0.782,0,Tienda,Bronce,Sur,0,0,0,1,1
R200725,65,93.82,5,35.13,8,0.332,1,App,Oro,Centro,0,0,0,0,1
R200726,33,242.59,7,25.18,8,0.476,0,Tienda,Bronce,Centro,0,0,0,1,0
R200727,34,112.66,6,9.63,14,0.663,0,Web,Plata,Sur,0,1,1,0,1
R200728,19,101.13,3,55.68,12,0.409,0,App,Bronce,Sur,0,0,0,1,0
R200729,25,83.45,4,25.59,5,0.244,1,App,Bronce,Norte,0,0,1,0,0
R200730,39,187.83,6,28.73,12,0.563,1,App,Plata,Centro,0,0,0,1,0
R200731,34,258.16,3,88.11,10,0.223,0,Tienda,Bronce,Centro,1,0,0,1,0
R200732,54,159.07,5,35.44,4,0.459,1,Web,Bronce,Centro,0,1,0,0,0
R200733,35,197.64,5,48.24,14,0.154,1,App,Bronce,Centro,0,1,0,0,1
R200734,34,86.34,4,23.23,10,0.673,1,App,Bronce,Centro,0,0,0,1,0
R200735,33,208.74,6,44.76,8,0.23,0,Web,Plata,Norte,0,0,0,1,0
R200736,44,130.11,5,22.19,8,0.289,2,Tienda,Bronce,Sur,0,1,0,0,0
R200737,61,74.88,5,16.6,10,0.205,0,App,Plata,Centro,0,0,0,0,1
R200738,41,77.11,8,36.0,12,0.134,3,Web,Bronce,Centro,0,1,0,0,0
R200739,44,119.07,3,51.99,8,0.183,2,Web,Oro,Centro,1,1,1,0,0
R200740,63,163.13,5,29.23,9,0.21,1,App,Bronce,Sur,0,1,1,1,1
R200741,64,320.24,3,102.48,10,0.164,2,App,Plata,Centro,0,1,0,0,0
R200742,46,194.47,4,67.28,10,0.29,1,App,Plata,Norte,1,0,0,0,0
R200743,32,65.93,8,38.65,8,0.411,1,App,Oro,Sur,0,1,0,0,0
R200744,20,60.41,6,17.77,11,0.501,0,Web,Bronce,Centro,0,0,0,1,0
R200745,30,21.23,5,19.73,9,0.187,0,Web,Oro,Centro,0,0,0,0,1
R200746,65,99.68,7,16.43,9,0.294,1,Tienda,Plata,Centro,0,0,1,0,0
R200747,18,231.91,6,47.51,13,0.767,0,Tienda,Plata,Sur,0,0,0,1,0
R200748,52,70.41,7,32.97,11,0.265,2,Tienda,Bronce,Centro,0,0,0,1,0
R200749,67,126.83,3,61.7,10,0.253,2,Web,Plata,Centro,0,1,0,0,0
R200750,51,86.3,7,8.0,11,0.172,0,Web,Oro,Norte,0,0,0,0,1
R200751,52,34.55,3,28.81,10,0.455,0,Tienda,Bronce,Norte,0,1,0,0,0
R200752,75,118.37,5,27.81,8,0.253,1,App,Oro,Centro,0,1,0,0,1
R200753,27,133.22,5,36.1,8,0.411,0,Tienda,Plata,Sur,0,0,1,1,0
R200754,36,299.63,3,111.07,10,0.329,0,Web,Bronce,Centro,1,0,0,1,0
R200755,70,126.92,6,23.88,9,0.052,1,App,Oro,Sur,0,0,0,0,1
R200756,49,202.09,8,30.29,10,0.368,1,Tienda,Plata,Sur,0,0,0,0,1
R200757,37,425.97,6,72.35,5,0.167,1,App,Oro,Centro,0,0,0,1,0
R200758,20,169.28,7,22.97,9,0.66,0,App,Oro,Centro,0,0,0,1,1
R200759,64,50.47,7,26.52,11,0.392,0,Tienda,Plata,Centro,0,1,0,0,1
R200760,60,116.71,8,28.42,11,0.766,0,App,Oro,Norte,0,1,0,0,0
R200761,55,150.17,3,63.81,6,0.403,1,App,Oro,Centro,0,0,0,1,0
R200762,26,116.52,4,30.9,12,0.067,2,Web,Bronce,Centro,0,0,0,1,0
R200763,65,94.66,4,33.57,10,0.298,0,Tienda,Bronce,Centro,0,0,1,0,0
R200764,21,104.31,4,40.03,6,0.509,0,App,Bronce,Sur,0,0,1,1,0
R200765,66,98.86,6,30.21,8,0.574,2,App,Oro,Centro,0,0,0,1,0
R200766,28,42.89,10,8.0,16,0.105,1,App,Bronce,Centro,0,0,1,0,0
R200767,41,188.11,4,41.55,8,0.528,0,Web,Plata,Centro,0,0,0,0,1
R200768,38,84.58,2,52.72,12,0.557,0,Web,Bronce,Centro,1,0,0,1,0
R200769,42,155.84,5,36.86,7,0.549,2,App,Bronce,Sur,0,0,0,1,0
R200770,72,151.76,5,29.11,16,0.434,1,Web,Bronce,Centro,1,1,0,0,1
R200771,53,157.04,2,79.16,10,0.613,2,Web,Oro,Centro,0,1,0,0,0
R200772,59,236.73,7,25.83,9,0.394,0,App,Plata,Centro,1,0,1,0,1
R200773,61,39.12,9,12.54,15,0.277,1,Tienda,Oro,Centro,0,1,1,0,1
R200774,29,63.62,4,29.65,13,0.234,2,Web,Plata,Norte,0,0,0,0,1
R200775,26,170.3,7,18.77,7,0.229,1,Tienda,Bronce,Sur,0,0,0,0,1
R200776,62,101.02,9,12.68,5,0.655,0,App,Oro,Centro,0,0,1,0,1
R200777,44,213.34,5,63.46,6,0.663,0,App,Bronce,Norte,0,1,0,0,1
R200778,25,86.53,6,28.67,9,0.311,0,App,Bronce,Centro,0,0,0,0,1
R200779,55,70.34,10,8.0,12,0.144,0,Tienda,Oro,Centro,0,0,0,0,1
R200780,35,204.13,1,200.36,17,0.618,3,Web,Oro,Centro,1,0,0,1,0
R200781,75,105.06,5,32.31,3,0.148,0,App,Plata,Centro,0,0,0,0,1
R200782,52,75.57,3,38.92,11,0.532,0,Tienda,Plata,Norte,0,0,1,0,0
R200783,21,169.13,6,40.61,8,0.282,2,Tienda,Bronce,Centro,1,0,0,0,1
R200784,55,102.47,11,12.53,9,0.676,2,App,Plata,Sur,0,1,0,0,1
R200785,69,114.8,4,41.22,9,0.219,2,Tienda,Plata,Sur,0,1,0,0,0
R200786,33,218.28,6,45.06,6,0.367,1,Web,Oro,Sur,1,1,1,1,1
R200787,18,147.25,3,66.1,11,0.34,0,Web,Bronce,Norte,0,0,0,1,0
R200788,26,153.3,3,57.07,8,0.259,1,Tienda,Plata,Sur,0,0,0,1,0
R200789,41,79.42,4,35.51,8,0.203,0,Web,Oro,Centro,0,1,0,0,0
R200790,56,46.08,6,18.44,11,0.079,0,Web,Bronce,Centro,0,0,0,0,1
R200791,34,79.61,1,77.94,10,0.48,0,App,Plata,Norte,0,0,0,1,0
R200792,52,16.91,10,8.0,10,0.687,0,Tienda,Oro,Centro,0,1,0,1,1
R200793,63,134.28,2,92.49,16,0.358,0,Tienda,Bronce,Centro,0,1,0,0,0
R200794,49,142.18,10,16.07,5,0.158,1,Web,Bronce,Centro,0,0,0,1,0
R200795,21,58.3,10,17.38,11,0.251,1,Web,Bronce,Centro,0,0,0,0,1
R200796,75,24.71,2,21.5,9,0.247,1,App,Bronce,Sur,0,1,0,0,0
R200797,37,100.87,4,31.04,13,0.345,3,App,Bronce,Centro,0,0,0,0,1
R200798,36,64.63,4,22.22,10,0.245,0,App,Bronce,Centro,0,0,1,1,0
R200799,69,111.89,8,29.95,10,0.431,3,App,Oro,Norte,0,0,1,0,0
R200800,18,159.93,3,66.08,8,0.514,2,Tienda,Oro,Centro,0,0,0,1,1
R200801,23,102.59,2,44.39,16,0.142,0,Web,Oro,Norte,1,1,1,0,0
R200802,65,98.56,3,39.36,11,0.302,1,Web,Bronce,Centro,0,1,0,0,0
R200803,38,107.98,7,20.85,5,0.314,0,Tienda,Oro,Norte,0,1,1,1,1
R200804,37,57.54,5,9.3,11,0.464,3,Web,Plata,Centro,0,0,0,0,1
R200805,18,81.35,3,22.37,12,0.22,0,Web,Plata,Centro,1,0,1,0,0
R200806,63,71.52,6,26.41,13,0.391,0,Web,Bronce,Centro,0,1,0,0,0
R200807,23,131.19,6,33.67,11,0.482,1,App,Oro,Norte,1,1,0,0,0
R200808,61,99.91,4,36.34,14,0.09,0,App,Bronce,Sur,0,1,0,0,0
R200809,53,125.96,8,35.05,5,0.481,0,Tienda,Oro,Centro,0,0,0,0,1
R200810,24,144.18,2,58.14,12,0.729,1,App,Bronce,Sur,0,0,1,0,0
R200811,43,105.75,8,32.88,5,0.214,0,App,Oro,Centro,0,0,0,0,1
R200812,33,142.89,4,36.04,14,0.466,0,App,Oro,Centro,0,0,0,1,0
R200813,63,154.28,5,53.33,10,0.388,0,Tienda,Plata,Centro,0,1,0,0,0
R200814,59,183.27,6,40.27,13,0.443,2,Web,Plata,Norte,0,1,0,0,0
R200815,71,161.82,5,38.17,10,0.191,0,Tienda,Plata,Sur,1,0,0,1,0
R200816,39,21.96,3,23.57,14,0.379,0,Web,Bronce,Centro,0,0,0,0,1
R200817,52,84.94,5,28.89,9,0.565,3,App,Plata,Centro,0,0,0,1,1
R200818,30,81.07,5,23.97,12,0.286,1,Tienda,Bronce,Centro,0,0,0,0,1
R200819,64,207.68,7,37.56,16,0.468,0,Web,Oro,Sur,0,1,0,0,1
R200820,58,223.32,4,58.3,7,0.53,1,Web,Plata,Norte,0,1,1,1,1
R200821,27,40.92,1,56.26,10,0.349,1,Web,Bronce,Norte,0,0,0,1,0
R200822,51,46.21,2,33.32,6,0.577,3,Web,Bronce,Sur,0,1,0,0,0
R200823,51,74.77,5,9.82,8,0.2,3,Tienda,Bronce,Centro,0,0,0,0,1
R200824,29,275.12,3,79.87,9,0.635,3,Tienda,Bronce,Sur,0,0,0,0,1
R200825,25,66.02,2,41.02,12,0.824,0,App,Plata,Centro,1,0,0,0,0
R200826,42,116.01,8,10.57,4,0.387,0,Web,Plata,Sur,0,1,0,1,1
R200827,21,176.61,5,45.44,5,0.206,1,Tienda,Plata,Norte,0,1,0,1,1
R200828,65,147.82,4,51.47,9,0.189,1,App,Oro,Centro,0,1,0,0,0
R200829,31,117.32,3,52.15,11,0.507,2,Tienda,Plata,Centro,0,1,0,0,0
R200830,41,81.94,5,21.21,10,0.167,1,Web,Bronce,Norte,0,0,0,0,1
R200831,62,82.87,2,67.15,4,0.396,1,App,Bronce,Centro,0,1,0,0,1
R200832,37,118.4,9,16.69,10,0.192,1,Tienda,Plata,Centro,0,0,0,0,1
R200833,45,131.4,4,43.0,12,0.451,1,Web,Plata,Norte,0,1,0,0,0
R200834,34,79.33,2,50.17,11,0.323,0,App,Plata,Norte,0,0,0,1,1
R200835,21,48.27,4,15.59,16,0.037,0,Web,Plata,Centro,0,0,0,0,1
R200836,56,107.3,3,30.62,13,0.346,1,Tienda,Plata,Sur,0,1,0,0,0
R200837,61,63.65,4,23.77,12,0.331,1,Tienda,Bronce,Norte,0,0,0,0,1
R200838,43,39.06,8,8.0,5,0.31,0,App,Bronce,Centro,0,0,0,0,1
R200839,55,197.57,6,40.12,8,0.341,1,App,Oro,Centro,1,0,0,1,1
R200840,52,142.59,4,39.11,10,0.292,0,Web,Bronce,Sur,0,1,0,0,0
R200841,19,207.58,7,26.37,7,0.712,1,App,Plata,Sur,0,0,1,1,0
R200842,67,51.69,5,8.0,10,0.51,0,Web,Plata,Sur,0,0,0,0,1
R200843,68,110.09,7,11.43,8,0.466,1,App,Plata,Centro,1,0,0,0,1
R200844,72,135.75,5,43.72,10,0.152,2,App,Plata,Centro,0,0,0,0,1
R200845,23,156.17,1,150.74,12,0.601,1,App,Oro,Norte,1,1,1,0,0
R200846,35,157.65,9,17.73,12,0.629,0,App,Oro,Centro,0,1,0,1,0
R200847,43,30.62,5,8.0,10,0.057,0,App,Bronce,Centro,0,1,0,0,1
R200848,31,173.35,5,49.25,4,0.322,0,Tienda,Oro,Centro,0,0,1,1,1
R200849,29,43.23,7,22.85,12,0.087,0,App,Bronce,Norte,0,0,1,0,0
R200850,47,144.85,5,60.04,8,0.474,1,Tienda,Plata,Centro,0,1,0,0,1
R200851,31,207.08,5,47.19,8,0.026,0,App,Bronce,Sur,0,0,0,0,1
R200852,54,316.46,3,119.96,11,0.227,0,App,Plata,Centro,0,0,0,1,0
R200853,68,205.34,4,57.76,8,0.432,1,App,Plata,Centro,0,0,0,1,1
R200854,35,132.03,5,24.61,10,0.061,1,Tienda,Oro,Norte,1,1,0,0,0
R200855,33,130.75,6,23.0,10,0.227,1,Web,Bronce,Centro,1,0,0,0,1
R200856,22,82.26,1,80.99,17,0.203,2,Web,Bronce,Centro,1,0,0,1,0
R200857,25,133.95,7,26.44,7,0.173,2,Web,Bronce,Centro,0,0,0,1,0
R200858,63,48.14,4,16.32,11,0.471,1,Web,Bronce,Norte,0,0,0,0,1
R200859,57,94.85,7,27.86,13,0.415,1,App,Bronce,Centro,0,0,0,1,1
R200860,68,159.68,1,163.4,8,0.261,0,App,Bronce,Centro,0,1,0,0,0
R200861,75,64.83,6,19.56,11,0.449,2,Tienda,Bronce,Centro,1,0,0,0,0
R200862,60,173.19,6,30.06,10,0.304,0,App,Bronce,Sur,0,0,0,0,1
R200863,65,46.26,5,8.0,6,0.539,1,Web,Plata,Sur,0,0,0,0,1
R200864,46,84.86,3,39.86,9,0.281,1,App,Bronce,Centro,0,0,0,0,1
R200865,45,141.22,11,30.26,17,0.171,1,Web,Bronce,Centro,0,0,0,1,1
R200866,64,40.08,3,18.09,13,0.474,0,App,Oro,Sur,0,1,0,0,0
R200867,27,133.42,9,24.72,16,0.45,0,Web,Plata,Centro,0,0,0,0,1
R200868,29,196.29,3,70.56,12,0.401,0,App,Bronce,Centro,0,0,0,1,0
R200869,54,187.04,5,60.42,12,0.337,0,App,Plata,Centro,0,0,1,1,0
R200870,40,310.69,13,17.09,7,0.544,0,App,Plata,Centro,1,1,0,0,0
R200871,26,76.86,4,34.02,10,0.455,1,Web,Bronce,Norte,0,0,0,0,1
R200872,75,46.96,3,16.41,10,0.545,0,Tienda,Bronce,Norte,0,0,0,0,1
R200873,47,92.22,1,102.21,11,0.173,0,Tienda,Plata,Centro,0,1,0,0,0
R200874,50,189.15,2,104.66,11,0.026,0,Web,Bronce,Centro,1,0,0,0,0
R200875,42,34.26,8,8.0,13,0.369,0,Web,Bronce,Norte,0,0,0,0,1
R200876,65,95.06,7,14.57,6,0.412,2,Tienda,Oro,Centro,0,0,0,0,1
R200877,62,110.3,7,17.07,14,0.092,0,Tienda,Plata,Sur,0,0,0,0,1
R200878,31,140.21,2,84.41,11,0.079,2,Tienda,Plata,Sur,0,1,0,1,0
R200879,23,81.61,2,58.3,8,0.235,2,Tienda,Oro,Centro,0,0,0,0,1
R200880,21,129.41,4,35.12,13,0.23,2,App,Bronce,Centro,0,0,1,0,0
R200881,25,121.56,2,71.64,13,0.74,1,Web,Bronce,Centro,1,0,1,0,1
R200882,41,86.96,4,25.73,9,0.338,1,Tienda,Bronce,Norte,0,0,0,1,0
R200883,50,161.93,6,55.38,11,0.234,4,Tienda,Bronce,Centro,0,1,0,0,0
R200884,27,150.81,7,32.08,11,0.084,1,App,Plata,Norte,0,0,0,1,0
R200885,45,115.09,8,29.39,12,0.402,0,App,Bronce,Centro,0,0,0,0,1
R200886,57,228.92,5,29.98,10,0.093,1,App,Bronce,Centro,0,0,0,1,0
R200887,73,89.59,1,80.21,11,0.844,2,Web,Bronce,Sur,0,1,0,1,0
R200888,21,94.1,5,37.86,9,0.055,0,Web,Plata,Centro,1,0,0,1,1
R200889,67,112.43,6,17.48,17,0.474,0,App,Plata,Centro,1,0,0,0,1
R200890,52,87.07,4,23.83,5,0.486,1,Web,Plata,Sur,0,0,0,1,1
R200891,67,71.02,4,24.28,14,0.231,0,App,Bronce,Centro,0,0,1,0,0
R200892,50,48.61,5,8.0,10,0.298,1,App,Plata,Sur,0,0,0,0,1
R200893,36,49.56,3,25.93,8,0.393,1,App,Bronce,Centro,1,0,0,0,0
R200894,39,138.0,4,38.35,8,0.119,2,Tienda,Oro,Centro,0,0,0,0,1
R200895,50,176.08,5,43.53,11,0.252,0,Tienda,Bronce,Centro,0,1,0,0,0
R200896,69,123.3,8,20.93,8,0.792,4,App,Bronce,Centro,0,0,1,0,1
R200897,65,204.18,5,54.89,5,0.31,0,Web,Bronce,Sur,0,1,0,0,0
R200898,62,122.19,2,84.36,16,0.2,0,App,Bronce,Centro,0,1,0,0,1
R200899,68,113.96,6,32.41,17,0.186,1,Web,Oro,Sur,1,1,0,0,0
R200900,53,125.4,2,74.96,8,0.167,0,Tienda,Oro,Centro,0,1,0,0,0
R200901,28,50.59,8,8.0,12,0.048,0,Web,Plata,Sur,0,0,0,0,1
R200902,75,195.74,3,75.0,8,0.481,3,Tienda,Bronce,Centro,0,1,0,0,0
R200903,65,112.06,2,57.9,18,0.028,0,App,Bronce,Centro,0,1,0,0,0
R200904,70,68.2,4,8.0,19,0.571,0,Web,Plata,Sur,0,1,0,0,0
R200905,21,127.04,5,33.02,8,0.203,0,Web,Oro,Centro,1,0,0,0,0
R200906,47,64.08,4,8.99,13,0.342,1,App,Oro,Sur,0,1,0,0,1
R200907,39,175.87,5,46.75,13,0.287,0,App,Oro,Centro,1,0,1,1,0
R200908,50,118.87,10,30.58,12,0.303,1,App,Bronce,Norte,1,0,0,0,0
R200909,37,84.48,4,36.36,10,0.207,0,Web,Plata,Centro,0,0,1,0,0
R200910,22,60.43,6,8.83,11,0.204,0,Web,Plata,Sur,1,1,1,1,0
R200911,60,159.61,2,80.37,3,0.299,1,App,Oro,Centro,0,0,0,1,1
R200912,23,58.53,3,30.95,9,0.279,0,Web,Oro,Sur,0,0,0,0,1
R200913,21,93.73,5,43.58,4,0.115,0,App,Bronce,Centro,1,0,0,0,1
R200914,30,52.05,2,33.58,8,0.686,0,App,Plata,Centro,0,0,0,1,0
R200915,27,100.85,2,69.29,7,0.625,0,Tienda,Oro,Centro,1,0,0,0,1
R200916,43,148.09,9,16.09,11,0.097,0,Web,Plata,Centro,0,1,1,0,1
R200917,47,150.93,6,24.64,16,0.165,0,Web,Plata,Centro,0,1,1,0,1
R200918,75,99.78,5,40.55,8,0.55,1,App,Oro,Centro,0,1,0,0,0
R200919,19,116.43,5,18.53,14,0.468,1,App,Bronce,Centro,0,0,0,1,0
R200920,41,66.0,10,8.0,7,0.266,0,App,Bronce,Sur,0,0,0,1,0
R200921,37,146.69,10,8.0,8,0.243,2,Tienda,Bronce,Sur,0,1,0,0,0
R200922,60,191.63,3,78.86,14,0.464,3,Web,Oro,Centro,1,0,0,1,0
R200923,27,61.32,5,25.26,11,0.311,1,App,Plata,Sur,1,1,0,0,1
R200924,25,92.89,5,20.28,8,0.272,1,App,Bronce,Norte,0,0,0,1,0
R200925,48,102.06,11,9.67,9,0.193,1,App,Plata,Sur,0,1,0,0,0
R200926,48,83.08,4,41.39,7,0.425,1,App,Bronce,Centro,0,0,0,1,0
R200927,41,174.04,4,49.98,15,0.053,0,App,Plata,Sur,0,1,0,1,1
R200928,42,137.51,3,45.57,12,0.367,1,App,Bronce,Norte,0,1,0,1,0
R200929,51,269.26,3,87.65,8,0.511,0,Web,Plata,Sur,1,1,0,0,0
R200930,22,86.49,3,42.28,7,0.265,3,App,Plata,Centro,0,0,0,1,0
R200931,50,132.97,6,28.99,3,0.249,1,Tienda,Oro,Centro,0,1,0,1,1
R200932,39,101.6,10,8.0,9,0.291,1,Web,Plata,Centro,0,0,1,0,1
R200933,48,135.14,2,80.52,14,0.214,0,Tienda,Plata,Sur,0,1,0,0,0
R200934,67,42.59,3,8.0,8,0.363,0,App,Bronce,Centro,0,0,0,0,1
R200935,34,28.74,6,8.0,6,0.5,0,App,Oro,Centro,1,0,0,0,0
R200936,25,120.17,4,42.85,10,0.634,2,App,Bronce,Centro,1,0,0,0,0
R200937,18,107.11,5,17.89,7,0.403,1,App,Bronce,Centro,1,0,0,0,0
R200938,70,111.33,5,27.03,13,0.227,2,App,Plata,Centro,0,0,1,0,0
R200939,61,86.5,7,21.33,11,0.64,1,App,Plata,Centro,0,0,1,0,0
R200940,66,52.43,8,33.46,10,0.072,1,App,Oro,Centro,0,0,0,0,1
R200941,40,87.77,5,17.6,13,0.274,0,Tienda,Plata,Centro,0,0,0,1,0
R200942,58,101.83,9,15.95,6,0.605,1,App,Bronce,Centro,0,0,1,0,0
R200943,30,91.93,8,8.0,6,0.224,1,Web,Bronce,Norte,0,0,1,0,1
R200944,63,172.94,4,61.7,9,0.503,0,Web,Plata,Centro,1,0,0,0,1
R200945,55,227.2,1,220.0,11,0.388,1,App,Plata,Sur,1,0,0,0,0
R200946,69,83.1,6,37.33,14,0.362,0,Tienda,Plata,Centro,0,1,0,0,1
R200947,24,143.8,7,23.18,11,0.312,0,App,Bronce,Centro,1,1,1,0,0
R200948,31,179.13,5,39.85,10,0.5,1,App,Bronce,Centro,0,1,0,0,1
R200949,48,98.35,4,58.19,12,0.171,0,App,Bronce,Norte,0,0,0,0,1
R200950,40,134.27,5,41.34,8,0.145,2,Tienda,Bronce,Norte,0,1,0,0,0
R200951,53,160.51,7,33.12,8,0.627,0,App,Plata,Sur,1,0,0,0,0
R200952,62,47.68,7,8.0,12,0.419,2,App,Plata,Norte,0,0,0,1,0
R200953,22,88.26,4,58.83,8,0.465,0,Tienda,Plata,Centro,0,0,0,1,0
R200954,22,102.88,5,49.59,9,0.566,0,App,Oro,Sur,0,0,0,1,0
R200955,27,94.31,2,61.92,9,0.342,0,Tienda,Bronce,Centro,0,0,1,0,0
R200956,52,127.64,6,24.51,8,0.18,1,Tienda,Bronce,Centro,0,0,0,0,1
R200957,22,159.75,5,59.6,9,0.559,1,App,Bronce,Centro,0,0,0,1,0
R200958,48,355.67,2,174.78,6,0.514,1,App,Plata,Centro,0,1,0,0,0
R200959,39,74.48,12,8.0,9,0.164,1,App,Oro,Norte,0,0,0,0,1
R200960,39,70.79,11,21.1,12,0.752,1,Web,Bronce,Centro,1,0,0,1,1
R200961,51,87.66,4,33.43,8,0.494,0,Web,Bronce,Norte,0,1,0,0,0
R200962,19,133.04,10,16.67,14,0.205,1,App,Bronce,Centro,0,0,1,1,1
R200963,59,118.02,5,8.0,6,0.187,1,Tienda,Plata,Sur,0,1,0,0,0
R200964,59,172.13,4,45.11,7,0.283,1,App,Bronce,Sur,0,1,0,0,0
R200965,57,172.83,3,78.36,4,0.136,1,Tienda,Plata,Sur,0,1,0,1,1
R200966,56,171.58,5,41.68,6,0.136,0,Web,Bronce,Sur,0,1,0,0,0
R200967,22,320.16,6,68.12,4,0.276,1,App,Oro,Centro,0,1,0,1,0
R200968,43,53.85,4,31.79,11,0.423,0,Web,Oro,Norte,0,0,0,0,1
R200969,67,58.52,2,33.78,16,0.471,1,Web,Plata,Sur,0,1,0,0,0
R200970,64,130.23,6,19.33,9,0.114,0,Web,Plata,Sur,1,1,0,0,0
R200971,56,86.5,10,10.93,15,0.631,0,App,Bronce,Sur,0,0,0,0,1
R200972,23,222.27,9,35.11,14,0.349,0,Web,Plata,Sur,0,1,0,1,0
R200973,57,156.72,6,54.14,11,0.475,1,Web,Bronce,Sur,1,1,0,1,0
R200974,74,126.9,6,34.7,9,0.398,4,Web,Oro,Sur,0,1,0,0,1
R200975,39,64.35,5,10.1,9,0.689,1,Web,Bronce,Sur,0,0,0,1,0
R200976,54,19.04,7,16.35,9,0.061,1,App,Oro,Centro,0,1,0,0,0
R200977,36,83.85,3,31.2,12,0.377,1,Web,Bronce,Centro,0,0,0,1,0
R200978,58,194.17,8,34.16,8,0.211,0,Tienda,Bronce,Sur,0,0,1,0,1
R200979,37,188.69,8,34.15,14,0.069,1,Tienda,Oro,Norte,0,1,0,1,0
R200980,30,75.04,4,38.42,12,0.177,1,App,Bronce,Centro,0,0,0,1,0
R200981,43,196.79,3,70.79,12,0.424,0,App,Bronce,Centro,1,0,0,0,0
R200982,26,186.89,3,84.1,10,0.444,2,Web,Plata,Centro,0,0,0,1,0
R200983,40,126.15,6,24.43,11,0.39,0,App,Plata,Norte,0,0,0,0,1
R200984,37,96.94,4,32.49,6,0.537,0,Web,Bronce,Norte,0,1,1,1,0
R200985,39,52.12,4,11.0,13,0.083,1,App,Plata,Sur,0,0,0,0,1
R200986,69,103.98,6,35.91,8,0.19,0,App,Oro,Centro,0,0,1,0,0
R200987,67,109.09,7,39.62,10,0.602,2,Web,Bronce,Centro,0,1,0,1,0
R200988,73,63.14,3,28.39,7,0.53,0,Web,Plata,Centro,0,0,1,0,1
R200989,46,250.11,4,56.69,11,0.513,1,Web,Bronce,Centro,0,1,0,0,0
R200990,42,46.3,3,35.53,12,0.178,1,Web,Bronce,Centro,0,0,0,0,1
R200991,34,97.94,7,33.86,7,0.557,0,Tienda,Plata,Centro,0,1,0,0,1
R200992,65,94.41,10,18.38,17,0.259,1,Tienda,Oro,Centro,1,0,0,0,0
R200993,60,175.12,8,30.86,7,0.206,1,App,Oro,Centro,1,0,0,0,1
R200994,71,168.34,11,26.79,8,0.149,0,App,Bronce,Centro,0,1,0,0,0
R200995,67,201.24,5,55.78,10,0.215,0,Tienda,Oro,Centro,0,0,0,0,1
R200996,60,86.45,7,41.12,3,0.689,0,Web,Bronce,Centro,0,1,0,0,1
R200997,23,217.52,0,220.0,8,0.052,0,App,Oro,Centro,1,0,0,0,0
R200998,70,75.29,4,8.47,5,0.55,1,Tienda,Bronce,Sur,0,1,0,0,0
R200999,21,80.17,2,64.97,9,0.534,1,App,Oro,Sur,1,0,0,0,0
R201000,52,153.75,5,42.16,8,0.348,1,Web,Bronce,Norte,1,1,1,0,0
R201001,63,71.2,6,18.92,11,0.515,0,Web,Oro,Centro,0,1,0,0,0
R201002,69,84.89,3,27.77,7,0.142,0,Tienda,Bronce,Norte,0,1,0,0,0
R201003,70,151.24,3,70.14,4,0.545,1,App,Plata,Sur,0,0,0,1,0
R201004,58,188.5,4,42.32,13,0.333,1,Tienda,Bronce,Centro,1,1,0,0,0
R201005,57,109.87,8,25.11,12,0.274,1,Web,Bronce,Centro,0,0,0,0,1
R201006,29,140.9,7,24.45,11,0.512,0,Web,Bronce,Centro,0,0,1,0,0
R201007,47,54.63,7,8.0,9,0.227,2,Tienda,Bronce,Centro,0,0,0,0,1
R201008,43,130.45,4,41.48,12,0.513,1,App,Plata,Centro,0,0,0,1,0
R201009,35,154.06,3,61.2,13,0.095,2,App,Bronce,Norte,0,0,0,1,0
R201010,63,74.9,1,84.12,6,0.315,0,App,Bronce,Centro,0,1,0,0,0
R201011,54,102.91,3,55.88,7,0.497,1,App,Oro,Centro,0,1,0,0,0
R201012,27,57.27,7,25.71,12,0.273,0,App,Plata,Norte,0,0,1,0,1
R201013,23,137.93,6,56.68,8,0.422,1,Tienda,Plata,Norte,1,0,0,0,0
R201014,22,119.34,4,35.67,9,0.138,0,App,Bronce,Centro,1,0,1,0,1
R201015,24,98.35,5,15.75,4,0.362,1,Tienda,Oro,Sur,0,0,0,0,1
R201016,49,33.0,5,8.0,8,0.371,2,App,Plata,Norte,0,0,0,0,1
R201017,60,28.76,7,22.99,14,0.519,0,Tienda,Bronce,Sur,0,0,0,0,1
R201018,21,73.99,5,30.11,7,0.695,0,Web,Plata,Sur,0,0,1,0,0
R201019,43,179.89,7,29.17,8,0.187,0,Tienda,Oro,Norte,0,1,0,0,0
R201020,61,178.85,2,103.47,5,0.312,0,Web,Bronce,Sur,0,0,0,0,1
R201021,46,159.67,2,80.69,7,0.045,0,App,Plata,Centro,0,0,0,1,0
R201022,64,225.65,2,121.0,14,0.035,1,Web,Oro,Norte,0,1,0,0,0
R201023,65,165.08,5,31.2,14,0.333,4,Web,Bronce,Centro,0,1,0,0,0
R201024,43,66.03,6,12.11,11,0.494,0,Web,Plata,Centro,0,0,0,0,1
R201025,64,125.96,2,59.21,10,0.075,1,Web,Bronce,Centro,0,1,0,0,0
R201026,49,135.84,5,38.88,7,0.343,1,Web,Bronce,Norte,0,1,0,0,0
R201027,18,384.74,5,83.13,9,0.454,1,Tienda,Bronce,Sur,0,0,0,1,0
R201028,49,238.43,12,18.91,13,0.245,2,Tienda,Oro,Centro,0,0,0,0,1
R201029,24,206.35,7,33.27,9,0.276,0,Web,Plata,Norte,0,0,0,1,0
R201030,18,59.15,8,8.0,13,0.128,0,Web,Bronce,Centro,1,0,0,0,1
R201031,57,203.48,3,74.15,13,0.465,0,Tienda,Plata,Norte,0,1,1,1,1
R201032,63,79.56,3,37.13,13,0.459,1,App,Bronce,Sur,0,1,0,0,0
R201033,33,320.45,6,56.61,19,0.305,1,App,Oro,Centro,1,1,1,1,1
R201034,54,30.85,7,25.99,10,0.474,0,App,Bronce,Centro,0,0,0,0,1
R201035,18,144.98,5,22.54,11,0.094,0,App,Bronce,Sur,0,0,1,0,1
R201036,46,109.46,4,45.34,8,0.376,0,Web,Plata,Centro,0,0,0,0,1
R201037,32,205.3,3,83.36,13,0.24,2,Web,Bronce,Centro,1,0,0,0,0
R201038,28,122.05,4,37.42,15,0.508,0,App,Bronce,Norte,1,1,0,1,0
R201039,20,146.75,2,87.87,8,0.446,0,Web,Bronce,Centro,1,0,0,0,0
R201040,64,52.43,2,24.69,7,0.198,3,App,Bronce,Centro,0,0,0,0,1
R201041,75,58.91,2,28.2,4,0.471,1,App,Bronce,Sur,0,1,1,0,0
R201042,71,119.21,5,23.71,7,0.244,2,Web,Plata,Norte,0,0,0,0,1
R201043,61,224.54,7,20.57,10,0.118,1,Tienda,Oro,Centro,0,1,0,0,1
R201044,62,358.58,5,65.64,8,0.232,1,Web,Plata,Centro,0,1,0,0,0
R201045,46,131.67,8,27.33,8,0.536,2,Tienda,Bronce,Centro,0,1,0,0,0
R201046,28,268.22,2,142.89,11,0.754,2,App,Plata,Norte,1,1,0,0,1
R201047,44,47.72,5,30.47,15,0.332,1,App,Bronce,Centro,0,0,0,1,1
R201048,31,86.58,8,24.83,17,0.101,0,Web,Plata,Sur,0,0,0,0,1
R201049,39,127.49,2,88.46,8,0.628,1,App,Oro,Sur,0,1,1,0,0
R201050,43,123.58,5,40.96,4,0.478,2,Web,Plata,Centro,0,0,0,0,1
R201051,21,121.09,3,46.87,9,0.687,0,App,Plata,Centro,1,0,0,0,0
R201052,31,46.64,2,31.3,9,0.394,1,App,Bronce,Sur,0,0,0,1,0
R201053,27,97.68,7,31.22,10,0.365,2,App,Bronce,Norte,0,0,0,0,1
R201054,19,297.79,3,110.59,10,0.259,1,Web,Bronce,Norte,0,0,1,1,0
R201055,31,66.01,1,76.58,11,0.333,1,Web,Oro,Sur,1,0,0,0,0
R201056,38,91.85,4,26.94,13,0.541,2,Tienda,Plata,Centro,0,0,0,0,1
R201057,43,108.15,5,43.14,10,0.305,2,App,Plata,Centro,1,0,0,0,0
R201058,65,113.97,5,32.52,12,0.536,0,App,Oro,Centro,1,0,0,0,1
R201059,63,167.9,8,32.52,18,0.487,0,Web,Oro,Centro,0,1,0,0,0
R201060,47,75.62,8,9.85,13,0.642,1,App,Plata,Norte,1,1,1,1,1
R201061,61,147.16,10,20.45,13,0.428,2,Web,Plata,Norte,0,0,0,1,0
R201062,61,148.1,2,61.65,13,0.225,0,App,Bronce,Sur,1,1,0,1,0
R201063,74,55.97,9,26.76,9,0.542,1,Web,Bronce,Sur,0,1,0,0,0
R201064,66,222.91,2,118.46,10,0.269,0,Tienda,Plata,Norte,0,1,0,1,0
R201065,61,98.8,4,47.79,9,0.646,0,App,Bronce,Centro,0,0,0,0,1
R201066,47,174.93,4,46.33,12,0.531,1,App,Plata,Centro,0,0,0,1,0
R201067,55,163.45,3,65.78,9,0.055,1,App,Plata,Centro,1,0,0,0,0
R201068,53,78.34,8,22.43,12,0.68,0,Web,Plata,Centro,0,1,0,0,0
R201069,74,85.28,9,18.77,9,0.235,4,Web,Plata,Sur,0,0,0,0,1
R201070,70,173.35,3,50.16,12,0.224,1,Tienda,Plata,Centro,0,1,0,0,0
R201071,74,182.83,7,28.25,9,0.262,2,Tienda,Bronce,Centro,0,1,0,0,0
R201072,40,55.26,5,10.27,10,0.285,1,App,Bronce,Norte,0,1,0,0,0
R201073,73,47.77,7,15.34,7,0.457,0,Web,Oro,Centro,0,1,1,0,1
R201074,28,142.03,4,44.6,10,0.127,0,App,Plata,Centro,0,0,0,1,0
R201075,53,96.2,4,32.98,9,0.355,1,App,Bronce,Centro,0,0,0,0,1
R201076,68,102.3,4,27.02,11,0.636,0,App,Bronce,Norte,0,1,0,0,0
R201077,23,81.01,5,24.95,8,0.243,0,Tienda,Plata,Centro,0,0,0,0,1
R201078,24,56.51,6,12.94,14,0.193,0,App,Bronce,Sur,0,1,0,0,0
R201079,53,129.28,3,84.34,7,0.411,2,Tienda,Bronce,Centro,0,1,0,0,0
R201080,32,132.56,5,48.6,10,0.303,0,Tienda,Bronce,Sur,1,1,1,0,0
R201081,30,94.39,5,28.31,11,0.633,1,App,Plata,Centro,0,0,0,0,1
R201082,19,99.08,4,28.39,6,0.716,2,Tienda,Bronce,Centro,0,0,0,0,1
R201083,35,69.93,7,13.66,5,0.301,0,App,Bronce,Centro,0,0,0,0,1
R201084,70,47.96,5,31.51,5,0.272,0,Web,Plata,Norte,1,0,0,0,1
R201085,74,191.98,5,36.83,9,0.28,1,App,Plata,Sur,0,1,0,0,0
R201086,36,90.3,4,13.1,8,0.595,0,App,Plata,Centro,0,0,0,0,1
R201087,67,68.38,2,29.42,10,0.672,1,Web,Bronce,Centro,0,1,0,0,0
R201088,64,92.0,4,18.36,9,0.26,0,Web,Plata,Norte,0,0,1,0,0
R201089,71,53.09,6,23.51,5,0.114,0,Web,Bronce,Sur,0,1,0,0,1
R201090,70,187.08,5,46.33,15,0.288,1,Tienda,Plata,Sur,0,1,0,0,0
R201091,34,62.78,4,31.51,13,0.361,1,App,Plata,Centro,1,0,0,1,1
R201092,58,50.57,8,22.11,11,0.275,0,App,Plata,Sur,0,1,0,0,0
R201093,40,97.17,2,60.05,12,0.397,0,Tienda,Bronce,Norte,0,0,0,0,1
R201094,69,241.58,3,100.25,10,0.239,0,Tienda,Plata,Sur,0,0,0,0,1
R201095,41,65.28,3,21.48,9,0.171,2,Tienda,Plata,Centro,0,0,1,0,1
R201096,36,53.67,7,17.44,12,0.546,0,App,Bronce,Sur,1,1,0,0,1
R201097,75,186.55,2,84.0,9,0.313,0,App,Oro,Sur,0,1,0,0,0
R201098,41,287.96,6,66.84,17,0.414,2,Tienda,Oro,Centro,1,1,0,1,0
R201099,70,112.83,5,22.21,13,0.574,1,Tienda,Bronce,Centro,1,0,0,0,0
R201100,31,18.58,10,8.0,14,0.136,0,Web,Bronce,Norte,1,1,1,0,0
R201101,57,89.77,10,8.0,13,0.312,0,App,Oro,Centro,0,0,0,0,1
R201102,25,99.55,4,34.53,14,0.51,4,App,Bronce,Sur,0,0,1,0,0
R201103,71,107.12,8,13.89,10,0.198,0,Web,Oro,Sur,0,1,0,0,0
R201104,51,97.27,7,22.94,2,0.112,1,App,Bronce,Sur,0,0,0,0,1
R201105,75,111.48,6,26.14,12,0.117,1,App,Bronce,Centro,1,0,0,1,0
R201106,28,101.67,4,44.78,11,0.364,0,App,Bronce,Centro,0,1,0,1,1
R201107,42,82.61,7,45.86,9,0.453,0,Web,Oro,Sur,0,1,0,1,0
R201108,46,178.45,5,30.81,6,0.694,0,App,Bronce,Sur,0,0,0,1,0
R201109,45,102.97,3,37.27,12,0.221,0,App,Bronce,Centro,0,0,0,1,0
R201110,23,315.5,7,54.87,10,0.261,1,App,Oro,Norte,0,0,0,1,0
R201111,19,48.78,4,20.52,8,0.517,0,Web,Bronce,Centro,0,0,0,0,1
R201112,36,159.09,3,73.91,7,0.415,0,Web,Bronce,Centro,1,1,0,1,0
R201113,40,183.63,5,59.49,8,0.586,2,Tienda,Bronce,Sur,0,0,0,1,0
R201114,51,166.76,2,96.99,8,0.567,0,App,Plata,Centro,0,1,0,1,0
R201115,20,42.61,7,8.0,6,0.376,3,Web,Bronce,Centro,1,0,0,0,0
R201116,67,90.9,8,20.61,11,0.539,0,Tienda,Oro,Sur,0,1,0,0,0
R201117,25,211.4,8,16.52,16,0.361,0,Web,Oro,Centro,1,1,0,1,1
R201118,53,91.25,7,22.42,8,0.141,0,Web,Plata,Centro,0,0,1,1,0
R201119,65,184.84,4,60.96,10,0.449,2,App,Bronce,Centro,1,0,0,1,0
R201120,26,80.23,7,25.21,12,0.369,2,Web,Oro,Sur,1,0,0,0,0
R201121,52,159.65,5,40.06,10,0.314,1,App,Plata,Centro,0,1,0,0,1
R201122,75,166.43,2,95.39,6,0.361,1,App,Bronce,Centro,0,0,0,0,1
R201123,42,65.35,4,17.38,13,0.147,0,App,Oro,Centro,0,0,0,0,1
R201124,42,75.4,5,25.32,6,0.181,0,App,Plata,Sur,0,0,0,0,1
R201125,27,101.91,4,28.34,12,0.08,1,App,Bronce,Centro,0,0,0,1,0
R201126,21,134.08,5,29.05,7,0.13,0,Tienda,Oro,Centro,0,0,1,0,0
R201127,62,124.26,5,19.62,8,0.112,1,Web,Plata,Centro,0,1,0,0,0
R201128,60,141.08,4,44.91,9,0.802,1,Web,Plata,Sur,0,1,0,0,0
R201129,54,100.39,2,52.42,14,0.287,0,App,Bronce,Centro,0,1,0,0,0
R201130,58,149.89,4,52.48,12,0.627,1,Web,Bronce,Sur,0,1,0,0,1
R201131,50,125.48,8,23.08,11,0.169,0,Tienda,Oro,Sur,0,1,0,0,1
R201132,30,122.61,10,32.7,8,0.705,0,Web,Bronce,Sur,1,0,0,0,1
R201133,31,191.02,6,22.05,3,0.128,3,App,Bronce,Centro,0,0,0,1,1
R201134,27,220.36,2,126.36,15,0.436,4,App,Oro,Centro,1,1,0,1,1
R201135,55,191.99,5,59.67,13,0.4,0,App,Plata,Sur,0,0,0,1,1
R201136,28,196.62,7,31.18,9,0.321,0,App,Bronce,Centro,0,0,0,1,0
R201137,57,120.45,5,30.79,4,0.668,0,Web,Oro,Sur,0,1,0,0,0
R201138,50,143.67,5,47.43,8,0.383,0,Tienda,Plata,Centro,0,0,0,0,1
R201139,46,52.87,5,8.0,11,0.825,0,Web,Oro,Centro,0,0,0,1,0
R201140,38,62.82,5,23.52,9,0.549,0,Tienda,Oro,Sur,0,0,0,0,1
R201141,74,133.34,5,43.76,5,0.411,1,App,Bronce,Sur,0,0,1,0,0
R201142,26,158.68,7,48.78,8,0.22,0,Web,Oro,Sur,1,0,0,1,0
R201143,74,208.16,3,93.33,11,0.18,1,Tienda,Bronce,Norte,0,1,0,0,0
R201144,67,143.01,5,43.47,14,0.862,0,Web,Plata,Centro,0,1,1,0,0
R201145,68,117.74,3,40.17,14,0.081,0,Web,Bronce,Centro,1,1,0,0,0
R201146,43,113.43,7,32.69,8,0.731,0,Web,Plata,Norte,0,0,1,0,1
R201147,52,129.15,2,70.14,5,0.334,1,Web,Plata,Centro,0,1,0,0,0
R201148,73,203.67,5,51.73,7,0.408,1,Web,Plata,Centro,1,0,0,0,1
R201149,23,46.48,4,8.0,10,0.159,2,Tienda,Oro,Norte,0,0,0,1,1
R201150,51,75.38,7,8.0,10,0.041,1,App,Oro,Norte,1,0,0,1,1
R201151,65,145.96,2,75.46,14,0.446,2,Tienda,Oro,Centro,0,1,0,0,1
R201152,44,159.19,2,94.69,13,0.436,2,Web,Oro,Centro,0,0,0,0,1
R201153,34,105.09,6,24.12,10,0.246,1,Tienda,Bronce,Norte,0,0,0,0,1
R201154,34,107.08,5,42.95,13,0.219,0,Web,Oro,Centro,0,0,0,0,1
R201155,41,72.87,2,51.27,12,0.676,2,Web,Bronce,Sur,0,0,0,1,0
R201156,50,44.17,5,8.0,7,0.419,1,Web,Plata,Sur,0,0,0,0,1
R201157,64,143.7,6,26.83,9,0.316,0,App,Oro,Centro,0,1,0,1,0
R201158,73,227.53,7,24.22,12,0.107,0,Web,Oro,Centro,0,1,1,0,0
R201159,22,226.48,2,121.3,9,0.362,1,Web,Plata,Sur,1,0,0,0,0
R201160,53,83.78,11,20.76,9,0.087,0,Web,Oro,Centro,0,1,0,0,1
R201161,58,129.13,7,28.72,11,0.315,0,App,Bronce,Centro,0,0,0,0,1
R201162,25,99.74,2,57.91,4,0.307,0,Web,Plata,Norte,1,0,0,0,1
R201163,42,119.19,9,32.53,11,0.177,2,Web,Oro,Centro,1,1,0,0,0
R201164,31,120.9,6,29.64,12,0.34,0,Web,Plata,Centro,0,1,0,0,0
R201165,31,78.95,6,13.54,12,0.491,0,App,Plata,Norte,1,0,0,1,0
R201166,49,196.27,8,42.01,6,0.384,0,App,Oro,Centro,1,1,0,1,0
R201167,44,79.64,7,34.84,9,0.562,0,Web,Bronce,Sur,0,0,0,0,1
R201168,28,88.94,2,65.36,10,0.472,1,App,Plata,Centro,0,0,0,0,1
R201169,68,198.42,4,83.44,8,0.236,0,Web,Oro,Norte,0,1,0,1,1
R201170,46,60.33,5,19.56,6,0.388,0,Web,Bronce,Norte,0,1,0,0,0
R201171,32,130.18,4,42.36,11,0.053,1,Tienda,Bronce,Sur,0,0,0,1,1
R201172,68,54.52,4,18.04,6,0.33,1,App,Oro,Sur,0,0,0,1,0
R201173,60,39.02,10,33.05,7,0.341,0,App,Plata,Centro,0,0,0,0,1
R201174,61,66.15,5,17.93,11,0.57,0,Tienda,Oro,Norte,0,1,0,0,1
R201175,74,169.24,6,38.35,8,0.601,0,App,Oro,Centro,0,0,0,1,0
R201176,57,125.19,2,76.57,8,0.327,1,Web,Bronce,Centro,0,1,0,0,0
R201177,67,309.33,8,60.22,12,0.141,3,App,Bronce,Centro,0,1,0,0,0
R201178,51,101.54,2,70.93,13,0.531,0,Web,Plata,Centro,0,0,0,1,0
R201179,21,202.25,7,41.27,5,0.695,2,Tienda,Plata,Centro,0,0,0,1,0
R201180,28,41.68,1,48.87,8,0.092,0,Web,Bronce,Sur,0,0,1,0,0
R201181,42,228.35,5,58.35,11,0.541,1,App,Bronce,Centro,0,0,1,0,0
R201182,42,235.22,6,45.58,8,0.418,0,Tienda,Bronce,Sur,0,0,1,0,0
R201183,72,57.24,10,10.28,8,0.443,3,Web,Oro,Centro,0,1,0,0,1
R201184,34,166.54,6,40.38,10,0.289,2,Web,Bronce,Sur,0,0,0,1,0
R201185,69,99.9,7,14.23,10,0.094,0,App,Plata,Centro,0,1,0,1,0
R201186,69,256.12,0,220.0,5,0.416,2,Tienda,Oro,Norte,0,1,0,1,0
R201187,57,165.91,7,38.5,11,0.606,1,Web,Plata,Centro,0,0,0,0,1
R201188,42,285.02,5,48.35,7,0.578,1,Web,Bronce,Sur,1,1,0,1,0
R201189,41,249.21,7,49.48,6,0.336,1,Web,Plata,Centro,1,0,0,0,0
R201190,55,282.16,8,28.06,16,0.545,1,Tienda,Bronce,Centro,0,1,0,0,1
R201191,57,102.81,6,25.77,10,0.352,0,App,Oro,Centro,0,0,0,0,1
R201192,48,53.09,3,31.91,14,0.182,0,Web,Bronce,Sur,0,1,0,0,0
R201193,39,95.29,7,33.24,12,0.164,1,App,Oro,Norte,0,1,0,0,0
R201194,33,162.96,4,67.21,9,0.541,0,App,Oro,Centro,1,0,0,1,0
R201195,74,65.78,4,21.2,7,0.553,1,Web,Bronce,Centro,0,0,0,0,1
R201196,73,81.26,5,43.55,10,0.29,0,Web,Bronce,Centro,0,1,0,0,1
R201197,70,92.35,3,44.55,10,0.521,2,Web,Bronce,Centro,0,0,0,1,0
R201198,51,58.57,2,33.26,10,0.381,0,Web,Plata,Norte,0,0,0,0,1
R201199,36,138.91,8,26.86,14,0.083,0,Web,Bronce,Norte,1,1,0,1,0
R201200,56,157.81,4,48.59,10,0.465,3,App,Oro,Norte,0,0,0,1,0
R201201,41,186.49,7,52.98,9,0.612,0,Web,Bronce,Sur,0,0,0,1,1
R201202,35,93.38,2,54.58,14,0.184,2,Web,Plata,Sur,0,0,0,1,0
R201203,34,115.71,4,41.59,10,0.1,1,App,Bronce,Centro,0,1,0,1,0
R201204,67,87.3,4,17.05,11,0.149,0,Tienda,Plata,Norte,0,0,0,0,1
R201205,74,99.3,5,23.5,12,0.132,1,Tienda,Oro,Centro,0,1,0,0,0
R201206,56,108.22,0,111.87,9,0.213,1,Web,Bronce,Centro,0,1,0,0,0
R201207,32,49.37,10,13.1,17,0.083,0,App,Plata,Sur,0,0,0,0,1
R201208,22,184.44,2,97.8,14,0.371,0,App,Bronce,Norte,0,0,0,1,0
R201209,40,25.67,1,31.96,12,0.612,0,Tienda,Plata,Centro,0,1,0,0,0
R201210,59,81.76,2,31.23,16,0.539,1,Tienda,Bronce,Sur,0,0,1,0,0
R201211,36,232.7,4,85.63,9,0.713,0,Web,Oro,Centro,0,1,0,0,0
R201212,62,105.58,7,8.0,14,0.143,0,App,Bronce,Centro,1,0,0,0,1
R201213,19,116.36,2,51.69,7,0.502,1,App,Bronce,Centro,0,0,0,1,0
R201214,33,88.92,5,15.8,6,0.547,1,Web,Bronce,Sur,0,0,0,0,1
R201215,74,101.15,6,24.88,5,0.377,1,App,Bronce,Centro,0,0,0,0,1
R201216,44,87.41,6,11.26,12,0.356,1,App,Plata,Centro,0,0,0,1,0
R201217,38,228.1,3,70.54,9,0.21,1,Tienda,Plata,Norte,0,0,0,1,0
R201218,60,77.02,4,11.78,9,0.233,0,App,Bronce,Centro,0,1,0,0,0
R201219,18,73.54,5,28.52,4,0.359,1,Web,Bronce,Centro,0,0,0,1,0
R201220,57,96.45,7,27.78,13,0.24,2,App,Bronce,Centro,1,0,0,0,0
R201221,52,57.9,2,25.81,11,0.196,3,App,Plata,Centro,0,0,0,0,1
R201222,50,107.38,5,40.61,10,0.437,3,App,Bronce,Centro,1,0,0,0,0
R201223,33,133.65,4,34.11,12,0.263,1,Web,Bronce,Sur,0,1,0,0,0
R201224,75,96.58,8,22.45,9,0.268,1,App,Plata,Centro,0,1,0,0,0
R201225,67,107.24,4,18.39,16,0.095,1,Web,Plata,Centro,0,0,0,1,0
R201226,50,141.9,5,29.8,12,0.22,3,App,Bronce,Norte,1,0,0,0,0
R201227,75,195.11,4,70.17,10,0.514,1,App,Bronce,Centro,0,1,0,0,0
R201228,37,64.3,2,52.64,2,0.593,0,App,Plata,Norte,1,0,0,0,1
R201229,19,125.83,4,33.74,14,0.202,0,Web,Plata,Centro,0,0,1,0,1
R201230,23,111.12,4,32.28,8,0.648,0,Web,Plata,Centro,1,0,0,1,0
R201231,51,15.1,5,37.61,8,0.462,0,Web,Bronce,Centro,0,0,0,0,1
R201232,73,77.81,7,27.2,10,0.63,0,App,Plata,Norte,0,0,0,0,1
R201233,70,126.79,4,34.74,6,0.329,1,Web,Plata,Centro,0,1,0,0,0
R201234,62,108.93,5,33.24,7,0.276,0,App,Oro,Norte,1,1,0,0,0
R201235,68,100.51,5,33.69,13,0.5,0,Web,Bronce,Norte,0,1,0,0,0
R201236,39,71.68,5,18.09,9,0.2,3,Tienda,Oro,Sur,0,0,0,0,1
R201237,32,208.05,8,37.24,8,0.098,1,Tienda,Plata,Norte,1,0,0,0,0
R201238,52,91.04,5,8.0,7,0.634,2,Web,Bronce,Norte,0,0,0,0,1
R201239,75,158.57,7,18.17,5,0.281,1,Web,Bronce,Sur,0,1,0,0,1
R201240,54,46.0,7,8.0,5,0.119,1,Web,Bronce,Norte,0,0,0,0,1
R201241,50,26.05,5,12.44,11,0.366,0,Web,Plata,Norte,0,0,0,0,1
R201242,62,114.5,5,34.53,11,0.279,0,App,Plata,Norte,1,0,0,0,1
R201243,75,194.21,3,68.46,7,0.436,1,Web,Bronce,Centro,0,1,0,0,0
R201244,23,96.64,8,8.0,10,0.35,0,App,Bronce,Norte,0,1,1,1,0
R201245,55,60.44,5,11.81,17,0.126,1,App,Bronce,Sur,1,0,0,0,1
R201246,22,165.67,10,36.49,16,0.331,1,App,Bronce,Centro,1,0,0,0,1
R201247,20,139.99,0,163.87,10,0.329,1,Web,Plata,Centro,1,0,0,0,0
R201248,56,99.98,10,22.66,8,0.353,0,Tienda,Plata,Sur,0,0,0,0,1
R201249,74,48.44,3,17.0,7,0.135,0,Web,Bronce,Centro,0,0,0,0,1
R201250,49,60.6,4,25.95,8,0.264,2,Web,Bronce,Centro,0,0,0,0,1
R201251,73,88.24,7,44.43,8,0.144,0,Tienda,Bronce,Norte,0,1,0,0,0
R201252,66,97.11,7,8.08,7,0.358,5,Tienda,Oro,Sur,0,1,0,0,1
R201253,36,190.96,5,50.54,14,0.414,0,Tienda,Oro,Norte,0,1,0,0,0
R201254,27,127.83,6,30.63,9,0.362,0,Web,Bronce,Norte,0,0,0,0,1
R201255,23,64.45,5,24.99,5,0.158,0,App,Plata,Centro,0,0,1,0,1
R201256,69,51.1,4,8.0,13,0.336,0,Web,Plata,Centro,0,1,0,0,1
R201257,20,25.01,4,18.0,7,0.291,0,Web,Bronce,Sur,0,1,0,0,0
R201258,43,70.62,4,19.31,11,0.293,1,Tienda,Oro,Centro,1,1,0,0,1
R201259,52,89.17,5,28.56,4,0.243,0,Tienda,Oro,Centro,0,0,0,0,1
R201260,49,55.54,2,24.81,11,0.357,2,App,Plata,Centro,0,0,0,0,1
R201261,65,163.59,8,30.33,8,0.145,0,Web,Bronce,Centro,0,1,0,0,0
R201262,38,47.44,8,13.29,13,0.381,1,Tienda,Plata,Centro,0,0,0,0,1
R201263,48,85.11,8,30.59,10,0.512,1,Web,Bronce,Centro,0,0,0,0,1
R201264,62,93.54,5,26.14,15,0.547,1,Tienda,Bronce,Centro,1,1,1,0,1
R201265,64,92.65,1,89.61,15,0.389,1,Web,Bronce,Sur,0,1,0,1,0
R201266,53,104.04,10,28.89,16,0.212,1,Web,Oro,Centro,0,0,0,1,1
R201267,53,87.47,6,35.44,9,0.629,0,Web,Oro,Norte,1,0,0,0,0
R201268,58,243.65,3,87.44,13,0.433,2,Web,Plata,Sur,1,0,0,0,1
R201269,31,16.32,9,13.76,6,0.587,1,Tienda,Plata,Centro,0,0,0,0,1
R201270,34,102.54,3,54.61,9,0.564,2,Tienda,Bronce,Centro,0,0,0,1,0
R201271,20,76.11,4,30.26,12,0.354,2,Web,Bronce,Sur,0,0,0,1,0
R201272,55,125.99,5,38.44,9,0.337,1,App,Plata,Centro,0,0,0,0,1
R201273,60,162.34,9,23.2,14,0.309,0,Tienda,Plata,Norte,0,0,1,0,1
R201274,74,93.07,2,52.73,12,0.271,1,App,Plata,Centro,0,1,0,0,0
R201275,35,151.16,3,71.55,14,0.541,0,App,Oro,Centro,1,0,0,1,0
R201276,55,73.25,5,15.84,11,0.548,2,Web,Bronce,Centro,0,0,0,0,1
R201277,44,130.12,6,24.89,9,0.391,0,App,Oro,Centro,0,0,1,0,1
R201278,36,145.35,3,49.73,10,0.667,2,App,Plata,Centro,1,1,0,1,0
R201279,31,37.21,1,42.76,9,0.7,1,App,Plata,Centro,0,0,0,1,0
R201280,42,183.41,6,43.06,10,0.289,0,App,Plata,Norte,0,0,0,1,0
R201281,50,215.2,4,54.39,9,0.328,2,App,Bronce,Centro,0,0,1,0,0
R201282,66,76.2,5,24.57,10,0.428,2,Web,Bronce,Sur,0,1,0,0,0
R201283,56,40.68,6,8.0,19,0.46,1,Web,Oro,Centro,0,0,0,1,1
R201284,45,100.79,7,23.46,4,0.686,1,Web,Bronce,Sur,0,0,0,1,1
R201285,31,74.32,4,43.28,10,0.133,2,Web,Plata,Centro,0,0,0,1,0
R201286,65,116.65,3,58.64,7,0.643,3,Tienda,Plata,Norte,0,1,0,1,0
R201287,67,40.14,6,8.81,13,0.407,1,App,Oro,Centro,0,0,0,0,1
R201288,26,131.32,7,33.64,15,0.253,0,App,Plata,Centro,0,1,0,0,1
R201289,19,200.95,7,36.91,6,0.393,1,App,Plata,Sur,0,0,0,1,0
R201290,73,43.59,4,22.07,16,0.304,0,App,Plata,Centro,0,0,0,0,1
R201291,20,116.68,6,38.81,12,0.461,0,App,Oro,Centro,1,0,1,1,0
R201292,53,184.08,6,40.12,14,0.671,1,App,Plata,Norte,0,0,1,1,0
R201293,62,189.27,8,31.3,10,0.346,1,Tienda,Bronce,Norte,0,0,0,0,1
R201294,56,113.22,5,24.46,6,0.321,0,Web,Plata,Centro,0,0,0,0,1
R201295,53,220.91,5,44.06,7,0.074,2,App,Bronce,Norte,0,1,0,0,0
R201296,70,172.7,4,25.93,10,0.432,1,Web,Oro,Centro,0,1,0,0,0
R201297,70,44.83,5,33.04,10,0.516,0,App,Bronce,Norte,0,1,0,0,1
R201298,45,31.07,6,12.41,12,0.473,0,Web,Bronce,Centro,0,0,1,0,1
R201299,75,297.67,3,103.93,6,0.42,2,App,Oro,Centro,0,1,0,0,0
R201300,54,112.64,5,21.84,11,0.501,0,Tienda,Oro,Centro,0,1,0,0,1
R201301,52,170.35,6,25.78,12,0.296,0,App,Bronce,Norte,0,1,1,1,0
R201302,25,174.7,3,59.13,17,0.479,0,Web,Oro,Centro,0,1,0,0,1
R201303,56,226.9,7,39.12,5,0.173,1,Tienda,Oro,Centro,0,1,0,0,0
R201304,43,203.24,2,101.38,9,0.273,0,App,Bronce,Centro,0,0,1,0,0
R201305,40,128.8,3,50.02,7,0.095,1,App,Bronce,Centro,1,0,0,0,1
R201306,70,218.15,3,62.8,9,0.545,3,App,Oro,Sur,0,1,0,1,0
R201307,73,88.0,4,37.83,9,0.281,2,App,Plata,Centro,0,1,0,0,0
R201308,23,99.06,7,8.0,8,0.472,1,App,Bronce,Norte,0,0,0,1,0
R201309,39,233.17,3,98.72,10,0.585,1,Web,Plata,Sur,0,1,0,0,0
R201310,58,226.1,6,34.4,14,0.496,4,Web,Plata,Centro,0,0,0,1,0
R201311,54,77.03,5,21.53,13,0.681,1,Web,Bronce,Centro,0,0,0,0,1
R201312,36,155.2,1,161.07,14,0.492,2,Tienda,Bronce,Centro,1,0,0,0,0
R201313,63,91.6,2,56.75,17,0.09,0,Tienda,Bronce,Norte,0,0,0,1,0
R201314,57,167.45,4,60.46,8,0.337,1,Web,Plata,Centro,0,1,0,1,0
R201315,69,66.92,6,10.47,13,0.275,1,Web,Plata,Centro,0,0,0,0,1
R201316,54,92.55,4,21.26,6,0.614,1,Tienda,Bronce,Centro,0,0,0,1,1
R201317,63,62.24,3,20.75,14,0.363,1,Web,Bronce,Centro,0,0,0,0,1
R201318,54,105.31,2,72.9,10,0.52,1,Web,Bronce,Norte,0,0,0,1,1
R201319,57,28.97,3,34.56,9,0.114,1,Tienda,Bronce,Sur,0,0,0,0,1
R201320,68,80.77,3,18.63,10,0.083,0,Web,Plata,Norte,0,1,0,0,0
R201321,48,111.71,6,17.84,12,0.494,0,App,Oro,Norte,1,1,0,0,1
R201322,45,83.89,5,11.15,8,0.647,1,Web,Bronce,Norte,0,0,0,0,1
R201323,66,171.83,4,38.78,10,0.107,0,Web,Bronce,Centro,0,1,0,0,0
R201324,33,122.53,3,72.22,8,0.627,0,Tienda,Bronce,Centro,0,0,0,0,1
R201325,55,131.1,6,30.91,15,0.339,0,Web,Bronce,Norte,0,0,0,0,1
R201326,67,111.69,5,24.54,10,0.381,1,Tienda,Bronce,Centro,0,0,0,1,0
R201327,43,227.2,3,79.55,4,0.557,3,App,Bronce,Sur,0,1,0,0,0
R201328,20,48.47,5,8.0,17,0.507,1,Web,Bronce,Centro,0,0,0,0,1
R201329,30,206.45,4,68.54,10,0.654,0,Tienda,Bronce,Centro,1,1,0,0,0
R201330,67,143.27,3,59.08,9,0.392,0,Web,Bronce,Centro,1,0,0,0,0
R201331,68,179.57,4,66.01,7,0.148,1,Web,Bronce,Sur,0,1,0,0,0
R201332,39,161.71,3,70.06,12,0.201,1,App,Bronce,Sur,1,0,0,1,1
R201333,54,133.23,2,78.0,19,0.221,2,Tienda,Bronce,Centro,1,0,0,0,0
R201334,24,150.96,8,21.38,13,0.44,0,Web,Oro,Centro,0,0,0,0,1
R201335,68,45.75,6,41.63,9,0.432,2,Web,Plata,Centro,0,1,0,0,0
R201336,44,279.32,4,88.49,10,0.025,0,Web,Plata,Centro,0,1,0,0,0
R201337,54,156.66,10,22.15,8,0.412,1,App,Bronce,Norte,0,0,0,1,1
R201338,65,185.48,9,24.94,5,0.229,0,App,Bronce,Norte,0,1,0,0,0
R201339,60,137.25,5,38.0,9,0.25,2,App,Bronce,Centro,0,0,0,1,0
R201340,69,102.93,1,102.45,9,0.267,0,Tienda,Bronce,Norte,0,1,1,0,0
R201341,21,117.46,5,28.53,7,0.29,0,Web,Bronce,Centro,0,1,1,0,1
R201342,67,313.08,5,58.2,14,0.54,0,Web,Plata,Sur,1,0,0,1,0
R201343,28,76.74,10,26.16,10,0.22,0,Tienda,Bronce,Centro,0,1,0,0,1
R201344,62,157.48,3,72.07,11,0.337,0,Web,Bronce,Centro,0,1,0,0,0
R201345,72,156.74,4,37.54,12,0.258,1,Web,Plata,Sur,0,1,0,0,0
R201346,47,189.3,2,97.21,4,0.157,0,Tienda,Plata,Norte,0,1,0,1,0
R201347,49,227.8,7,45.54,4,0.859,0,Web,Bronce,Norte,0,1,0,0,0
R201348,50,256.1,6,48.05,12,0.65,2,Tienda,Plata,Centro,0,1,1,1,1
R201349,61,199.89,6,44.11,5,0.134,1,App,Oro,Centro,0,0,0,0,1
R201350,28,102.78,5,16.15,14,0.265,0,Web,Bronce,Centro,0,0,1,0,0
R201351,61,140.52,3,67.2,10,0.577,3,App,Bronce,Centro,0,1,0,0,0
R201352,52,145.64,4,43.83,5,0.222,0,App,Plata,Centro,1,0,0,1,0
R201353,59,108.76,4,39.02,5,0.162,0,Web,Bronce,Sur,0,1,0,1,0
R201354,34,165.45,8,20.41,13,0.316,0,Web,Bronce,Centro,0,1,1,0,0
R201355,45,59.44,7,9.01,7,0.637,0,Web,Bronce,Centro,0,1,0,0,0
R201356,53,71.18,5,16.1,6,0.421,0,Web,Bronce,Centro,1,1,0,0,1
R201357,48,153.25,3,69.72,8,0.057,1,Tienda,Plata,Centro,0,1,0,0,0
R201358,67,170.27,4,44.94,12,0.23,3,Tienda,Bronce,Centro,0,1,0,1,0
R201359,64,77.67,6,28.89,7,0.294,0,Web,Oro,Norte,0,1,0,0,0
R201360,29,132.61,5,30.95,5,0.414,1,Web,Bronce,Centro,0,0,0,0,1
R201361,48,183.46,5,53.63,11,0.398,0,Tienda,Bronce,Norte,0,0,0,0,1
R201362,25,73.83,8,15.22,10,0.309,0,Web,Bronce,Sur,0,0,1,0,1
R201363,27,73.35,5,28.13,11,0.357,1,App,Plata,Centro,0,0,0,0,1
R201364,45,130.1,9,23.97,6,0.721,1,App,Plata,Centro,0,1,0,1,0
R201365,50,70.97,8,26.62,2,0.417,0,Web,Plata,Sur,0,0,0,0,1
R201366,27,181.6,4,71.91,9,0.531,0,Web,Bronce,Sur,1,0,0,1,0
R201367,24,219.14,4,59.66,12,0.576,2,Web,Plata,Norte,0,1,0,0,0
R201368,67,143.07,3,56.27,12,0.398,0,App,Plata,Centro,0,1,0,0,0
R201369,71,72.53,2,43.62,16,0.457,0,Web,Bronce,Sur,0,1,0,0,0
R201370,74,352.78,5,72.71,5,0.338,1,App,Bronce,Centro,0,1,0,1,0
R201371,69,195.72,1,199.26,11,0.334,3,App,Bronce,Norte,0,1,0,0,0
R201372,24,81.22,3,30.97,9,0.723,1,App,Oro,Centro,0,0,0,1,0
R201373,20,225.16,5,43.83,15,0.102,1,Web,Oro,Centro,0,0,0,1,0
R201374,32,260.62,5,57.28,14,0.555,1,Web,Bronce,Centro,0,1,1,1,1
R201375,18,96.81,6,26.26,9,0.485,1,Web,Oro,Centro,0,0,0,1,0
R201376,57,37.63,6,12.71,9,0.277,1,App,Oro,Centro,1,1,0,1,0
R201377,61,185.46,4,63.34,6,0.206,0,Web,Plata,Centro,0,1,0,0,0
R201378,28,141.72,5,30.25,8,0.157,0,Web,Bronce,Centro,0,0,1,0,0
R201379,47,145.59,6,33.72,6,0.254,2,App,Oro,Centro,0,1,0,0,0
R201380,52,107.62,2,52.93,11,0.08,0,Web,Bronce,Centro,0,0,1,1,0
R201381,59,83.78,10,9.64,11,0.154,1,App,Bronce,Norte,1,0,0,0,0
R201382,45,69.75,9,20.0,11,0.077,1,Tienda,Bronce,Centro,0,1,0,0,0
R201383,73,96.67,9,16.25,9,0.229,0,Web,Bronce,Sur,0,1,0,0,0
R201384,42,266.36,5,52.88,11,0.38,1,Tienda,Bronce,Centro,0,1,1,0,0
R201385,51,144.97,1,169.61,14,0.542,0,Web,Bronce,Centro,0,1,0,0,0
R201386,44,74.52,5,17.94,8,0.51,3,Web,Bronce,Centro,1,0,0,0,0
R201387,50,75.99,5,19.71,7,0.271,1,Web,Oro,Centro,0,1,0,0,0
R201388,30,172.93,5,51.84,8,0.285,2,Web,Bronce,Centro,1,0,0,1,0
R201389,57,154.47,5,41.24,9,0.711,0,App,Oro,Norte,1,1,0,0,1
R201390,49,91.14,9,23.05,11,0.283,0,App,Plata,Sur,0,1,1,0,0
R201391,50,220.08,7,41.08,12,0.105,1,App,Oro,Sur,0,1,0,1,0
R201392,37,217.55,4,58.96,14,0.185,0,Web,Plata,Sur,0,1,0,0,0
R201393,56,53.34,2,26.86,15,0.194,0,App,Bronce,Centro,0,0,0,0,1
R201394,69,99.14,7,22.04,10,0.542,4,Web,Plata,Norte,0,0,0,1,1
R201395,60,147.94,4,53.45,6,0.443,0,Tienda,Bronce,Centro,0,0,1,1,0
R201396,25,74.43,4,23.22,7,0.372,0,Tienda,Bronce,Sur,0,0,0,0,1
R201397,71,175.61,4,44.29,11,0.341,0,Web,Plata,Sur,0,1,0,0,1
R201398,70,127.04,3,34.71,13,0.624,0,Tienda,Bronce,Centro,0,1,0,1,0
R201399,69,94.73,5,8.57,10,0.15,1,App,Bronce,Centro,0,1,0,1,0
R201400,32,74.76,3,28.79,7,0.488,0,Web,Oro,Norte,0,1,1,0,0
R201401,41,90.7,4,9.99,12,0.294,1,App,Bronce,Centro,0,1,0,0,0
R201402,40,132.96,8,34.78,6,0.252,0,Web,Plata,Norte,1,0,0,0,0
R201403,39,57.21,3,32.37,12,0.598,2,Web,Plata,Centro,0,0,0,0,1
R201404,73,156.43,6,37.99,6,0.271,0,App,Plata,Norte,0,1,0,1,0
R201405,63,102.77,3,39.51,9,0.223,1,Web,Oro,Centro,0,0,0,0,1
R201406,35,92.28,3,47.42,6,0.398,0,App,Bronce,Centro,0,1,0,1,0
R201407,29,75.02,5,33.49,14,0.132,1,Web,Plata,Centro,1,0,0,0,0
R201408,57,109.53,3,34.12,6,0.17,0,App,Bronce,Norte,0,1,0,0,0
R201409,31,128.99,5,20.64,7,0.275,1,Web,Plata,Sur,0,0,0,1,0
R201410,20,30.42,8,8.0,8,0.497,0,Tienda,Plata,Centro,0,0,1,1,0
R201411,66,153.15,1,162.74,10,0.17,2,App,Bronce,Centro,0,1,0,0,0
R201412,34,126.64,8,35.35,14,0.588,0,App,Plata,Centro,0,1,0,0,1
R201413,50,135.46,6,13.09,10,0.585,1,Tienda,Bronce,Centro,0,0,0,1,0
R201414,49,37.45,5,24.71,17,0.316,1,App,Bronce,Sur,0,0,0,0,1
R201415,61,237.16,0,220.0,10,0.106,0,Web,Bronce,Sur,1,1,0,0,0
R201416,50,222.13,7,45.74,4,0.46,2,Web,Plata,Centro,1,0,0,0,1
R201417,25,42.92,2,22.28,11,0.159,1,Tienda,Bronce,Centro,0,0,0,0,1
R201418,66,102.77,8,8.0,9,0.382,0,App,Plata,Centro,0,0,0,0,1
R201419,63,26.07,6,9.45,8,0.385,1,Tienda,Bronce,Sur,0,1,0,0,1
R201420,33,79.4,7,14.93,6,0.222,2,Tienda,Bronce,Centro,0,0,1,1,0
R201421,57,123.35,7,8.0,12,0.177,0,Tienda,Plata,Centro,0,0,1,1,0
R201422,23,81.27,4,29.9,12,0.342,0,App,Bronce,Centro,0,0,0,1,0
R201423,21,128.62,6,25.38,5,0.146,1,Web,Plata,Centro,0,0,1,0,0
R201424,32,105.44,5,39.44,10,0.231,2,App,Bronce,Centro,1,0,0,1,0
R201425,61,53.09,4,12.49,19,0.479,2,Web,Bronce,Centro,0,0,0,0,1
R201426,63,108.68,5,34.01,12,0.636,1,App,Plata,Centro,0,0,1,0,0
R201427,51,165.05,3,58.11,17,0.292,0,Tienda,Oro,Norte,0,1,0,0,0
R201428,56,241.73,6,49.8,12,0.305,0,Tienda,Bronce,Sur,1,0,0,1,1
R201429,31,64.61,6,32.2,8,0.299,1,Tienda,Plata,Centro,0,0,0,1,0
R201430,66,93.24,4,24.06,7,0.523,1,Web,Plata,Centro,0,1,0,0,1
R201431,52,162.69,3,53.71,7,0.109,0,Web,Oro,Centro,0,1,0,0,0
R201432,75,51.84,4,8.0,4,0.214,0,App,Bronce,Norte,0,0,0,0,1
R201433,40,156.55,3,49.43,7,0.06,0,App,Bronce,Centro,0,0,1,1,0
R201434,27,101.44,2,68.39,7,0.16,1,Tienda,Plata,Sur,0,0,0,0,1
R201435,61,77.64,5,36.39,10,0.461,0,App,Bronce,Centro,0,1,1,1,1
R201436,33,122.12,5,25.23,14,0.192,1,Tienda,Bronce,Norte,0,0,1,0,0
R201437,20,52.7,4,8.0,11,0.299,2,Web,Plata,Centro,0,0,1,0,1
R201438,26,58.18,5,25.32,8,0.435,0,App,Plata,Centro,0,0,1,0,0
R201439,37,81.16,2,59.15,5,0.434,1,App,Oro,Centro,0,0,0,1,1
R201440,46,80.72,4,34.22,9,0.243,1,App,Oro,Centro,0,0,0,0,1
R201441,25,198.35,5,54.13,11,0.439,0,App,Bronce,Sur,0,0,0,1,1
R201442,32,238.2,6,40.43,8,0.142,2,Web,Bronce,Centro,0,0,0,1,0
R201443,51,245.03,3,80.28,11,0.388,0,Web,Plata,Sur,0,1,0,0,0
R201444,18,164.85,2,98.84,15,0.529,1,Tienda,Oro,Sur,0,1,0,1,0
R201445,68,106.41,7,8.0,8,0.582,1,Web,Bronce,Centro,0,0,0,0,1
R201446,66,80.4,4,25.88,12,0.3,2,Web,Plata,Centro,0,1,0,1,1
R201447,71,257.89,6,39.68,11,0.527,0,Tienda,Bronce,Sur,1,0,0,0,1
R201448,41,117.73,6,33.57,8,0.38,0,App,Bronce,Sur,0,0,0,1,0
R201449,22,195.15,4,66.07,15,0.269,1,App,Plata,Centro,0,0,1,0,0
R201450,27,71.53,4,18.29,11,0.45,2,App,Plata,Centro,0,0,1,1,1
R201451,30,157.16,8,25.93,14,0.166,1,Tienda,Plata,Centro,0,1,0,0,0
R201452,45,40.83,10,9.52,7,0.706,1,App,Bronce,Centro,0,0,0,0,1
R201453,23,88.2,3,42.67,16,0.225,0,App,Oro,Norte,1,1,1,0,1
R201454,18,131.81,5,36.8,7,0.078,2,Web,Plata,Centro,0,0,0,0,1
R201455,67,76.75,3,31.91,8,0.172,0,Tienda,Bronce,Sur,0,1,0,0,1
R201456,58,117.13,11,11.67,11,0.332,0,App,Plata,Sur,1,1,0,1,1
R201457,59,127.02,4,35.95,11,0.494,1,Tienda,Oro,Norte,0,1,0,0,0
R201458,62,117.34,9,17.67,7,0.749,0,App,Oro,Norte,0,1,0,0,0
R201459,26,164.34,6,32.89,9,0.134,0,Tienda,Bronce,Sur,0,1,1,0,0
R201460,42,82.0,4,30.27,10,0.219,0,Tienda,Oro,Centro,0,0,0,0,1
R201461,28,262.41,8,42.01,9,0.53,0,Tienda,Bronce,Sur,0,1,1,1,1
R201462,22,149.13,4,49.16,9,0.258,1,App,Bronce,Centro,1,1,0,0,0
R201463,44,256.85,10,29.3,6,0.136,0,App,Plata,Centro,0,0,0,1,1
R201464,18,128.92,9,24.92,12,0.63,1,Web,Bronce,Centro,0,0,1,0,1
R201465,38,35.19,7,8.0,9,0.585,1,App,Plata,Centro,0,0,1,0,0
R201466,37,121.58,4,32.14,8,0.313,1,Web,Oro,Norte,0,1,0,0,1
R201467,66,248.18,7,46.49,12,0.677,0,App,Bronce,Centro,1,1,1,1,1
R201468,43,65.52,4,8.0,7,0.389,1,Web,Plata,Centro,0,0,0,0,1
R201469,51,301.39,3,116.59,10,0.487,0,Web,Bronce,Sur,0,1,0,0,0
R201470,47,46.46,7,28.66,14,0.286,2,App,Plata,Sur,0,0,1,0,1
R201471,57,156.28,4,55.39,10,0.419,3,App,Oro,Sur,0,0,0,0,1
R201472,61,102.05,5,32.16,15,0.503,0,Web,Oro,Centro,0,1,0,0,0
R201473,63,206.57,6,27.38,8,0.442,1,Web,Oro,Sur,1,1,0,0,0
R201474,37,142.7,6,16.97,6,0.586,1,Tienda,Plata,Centro,1,0,0,0,0
R201475,43,78.78,5,22.26,12,0.35,0,Web,Oro,Centro,0,0,0,0,1
R201476,64,72.12,4,30.9,12,0.113,1,Tienda,Plata,Sur,0,0,0,0,1
R201477,66,128.73,11,33.22,12,0.364,2,App,Oro,Sur,0,1,0,1,0
R201478,51,191.07,5,40.16,13,0.071,0,Tienda,Bronce,Centro,0,0,1,0,1
R201479,75,232.29,5,56.14,6,0.151,1,App,Bronce,Centro,0,1,0,0,0
R201480,45,180.36,6,36.19,7,0.612,1,App,Oro,Norte,1,1,0,0,0
R201481,57,148.83,6,37.91,10,0.483,0,App,Bronce,Centro,0,0,1,0,0
R201482,73,171.83,7,21.85,11,0.223,0,App,Oro,Centro,0,1,0,0,1
R201483,21,136.54,5,44.56,17,0.548,1,App,Oro,Centro,1,0,0,0,0
R201484,58,31.12,5,17.42,6,0.111,2,App,Bronce,Centro,0,0,0,0,1
R201485,38,233.48,7,42.41,7,0.029,1,App,Bronce,Norte,0,1,0,0,0
R201486,48,111.83,3,55.1,7,0.287,0,App,Bronce,Centro,0,0,0,1,0
R201487,29,32.08,3,27.74,10,0.254,0,App,Plata,Centro,0,0,0,0,1
R201488,33,192.66,4,55.92,8,0.576,2,Web,Bronce,Centro,0,0,1,0,1
R201489,18,72.07,8,26.75,11,0.422,0,Tienda,Plata,Norte,0,0,0,0,1
R201490,53,120.61,7,20.24,15,0.105,1,Web,Oro,Centro,0,0,0,0,1
R201491,33,36.22,6,8.0,14,0.076,0,App,Bronce,Norte,0,0,0,1,0
R201492,46,35.95,8,21.62,14,0.36,0,App,Plata,Centro,0,0,1,0,1
R201493,41,71.09,5,26.57,8,0.542,3,App,Bronce,Sur,0,0,1,0,0
R201494,75,84.07,4,36.46,13,0.315,0,Tienda,Bronce,Norte,0,1,0,0,0
R201495,68,232.42,6,19.89,8,0.378,1,Tienda,Oro,Centro,0,1,0,0,0
R201496,29,171.92,8,23.88,9,0.51,0,App,Oro,Centro,0,0,1,0,1
R201497,70,85.97,0,80.05,14,0.559,1,App,Bronce,Centro,0,1,0,0,0
R201498,58,280.06,5,75.6,7,0.368,0,App,Plata,Centro,0,1,0,1,0
R201499,36,222.27,3,84.03,7,0.32,0,Web,Plata,Centro,0,1,0,1,0
R201500,51,84.99,2,48.52,9,0.529,1,Tienda,Bronce,Centro,0,0,0,0,1
R201501,47,93.75,4,40.0,16,0.404,0,App,Bronce,Centro,1,0,0,1,1
R201502,46,157.11,6,22.55,8,0.373,1,App,Plata,Centro,0,0,0,1,1
R201503,42,87.94,6,37.67,10,0.149,0,App,Bronce,Centro,0,0,0,0,1
R201504,60,148.14,7,21.54,8,0.088,0,Tienda,Bronce,Centro,0,0,0,0,1
R201505,44,57.27,3,21.91,11,0.054,3,App,Bronce,Centro,0,0,0,0,1
R201506,53,126.06,6,37.63,9,0.525,1,App,Oro,Norte,0,1,0,0,0
R201507,67,127.91,8,21.34,7,0.517,0,App,Plata,Centro,0,0,0,1,1
R201508,66,123.38,4,49.26,9,0.231,0,Tienda,Plata,Norte,0,1,0,0,0
R201509,67,82.89,5,12.13,4,0.412,0,Web,Plata,Centro,0,0,0,0,1
R201510,32,49.83,5,17.19,19,0.456,0,Tienda,Bronce,Centro,1,0,0,0,0
R201511,35,143.86,2,85.38,5,0.39,0,Web,Bronce,Centro,0,0,0,1,0
R201512,70,67.88,6,8.0,11,0.15,0,App,Bronce,Centro,1,0,0,0,0
R201513,45,174.22,6,24.53,12,0.021,0,Web,Bronce,Centro,0,0,0,0,1
R201514,36,34.25,3,9.62,9,0.17,1,App,Bronce,Centro,1,0,0,0,1
R201515,55,103.24,7,27.3,12,0.667,1,Tienda,Bronce,Centro,0,0,0,0,1
R201516,50,121.49,11,33.36,12,0.132,1,Web,Bronce,Norte,1,0,0,0,1
R201517,18,68.17,2,56.48,15,0.508,1,Tienda,Oro,Centro,1,0,1,0,0
R201518,57,18.71,2,8.47,10,0.514,0,Tienda,Bronce,Norte,0,0,0,1,0
R201519,46,245.76,4,78.02,12,0.457,0,App,Plata,Sur,0,0,0,1,0
R201520,39,162.12,4,51.67,9,0.44,2,Web,Plata,Centro,0,0,0,1,0
R201521,73,97.2,4,32.46,10,0.154,0,App,Bronce,Centro,0,0,0,0,1
R201522,44,154.75,8,34.12,14,0.176,1,App,Bronce,Norte,0,1,0,0,1
R201523,47,104.73,6,11.59,7,0.328,0,Web,Bronce,Centro,0,0,0,0,1
R201524,71,174.67,3,74.47,11,0.283,0,Web,Bronce,Norte,0,1,0,0,0
R201525,23,61.62,9,8.0,11,0.544,2,Web,Plata,Sur,0,1,0,1,1
R201526,34,188.04,5,30.86,7,0.586,0,Tienda,Bronce,Centro,0,0,0,0,1
R201527,32,79.91,5,27.62,16,0.474,1,App,Oro,Sur,1,0,1,0,0
R201528,67,175.0,3,69.77,10,0.407,2,App,Bronce,Sur,0,1,0,0,0
R201529,74,97.2,5,23.21,4,0.117,1,App,Plata,Norte,0,1,0,0,0
R201530,46,76.27,7,8.0,11,0.118,1,App,Plata,Centro,1,0,0,0,1
R201531,40,250.82,9,44.54,9,0.256,1,Tienda,Bronce,Centro,0,1,1,0,1
R201532,55,83.55,3,41.91,14,0.353,0,Web,Bronce,Norte,0,0,0,0,1
R201533,30,184.58,6,53.33,14,0.057,1,App,Bronce,Sur,0,0,0,1,0
R201534,55,269.55,6,49.44,9,0.541,0,App,Oro,Norte,0,0,1,1,1
R201535,73,139.6,5,22.12,8,0.29,0,Web,Bronce,Centro,1,1,1,0,1
R201536,33,137.38,4,45.28,13,0.17,2,Tienda,Bronce,Centro,0,0,0,1,0
R201537,62,121.37,4,47.82,10,0.403,3,App,Plata,Sur,0,1,0,0,1
R201538,20,83.98,2,30.37,16,0.101,3,Tienda,Bronce,Centro,0,0,1,0,0
R201539,18,102.33,3,41.95,7,0.364,0,App,Plata,Sur,0,1,0,0,0
R201540,39,101.29,7,13.75,10,0.508,1,Tienda,Bronce,Centro,0,0,0,1,1
R201541,50,193.09,3,56.55,7,0.108,0,App,Bronce,Centro,0,1,0,0,0
R201542,41,30.77,9,8.0,8,0.372,0,App,Plata,Sur,0,0,0,0,1
R201543,36,163.4,3,52.83,8,0.501,1,Tienda,Bronce,Centro,1,1,0,1,0
R201544,45,54.58,7,15.96,9,0.671,0,Web,Bronce,Sur,0,0,1,0,1
R201545,66,111.6,8,43.82,12,0.35,1,Tienda,Oro,Sur,0,1,1,1,1
R201546,67,61.99,1,82.11,15,0.424,2,Web,Bronce,Centro,0,1,0,0,0
R201547,35,112.35,5,19.87,7,0.517,3,Web,Oro,Norte,0,1,0,0,0
R201548,68,98.6,4,27.88,9,0.327,1,Tienda,Bronce,Centro,0,0,0,0,1
R201549,30,59.13,5,37.24,10,0.086,0,Web,Bronce,Centro,0,0,0,0,1
R201550,74,256.09,6,36.91,9,0.664,1,Tienda,Bronce,Centro,1,0,0,0,1
R201551,46,52.1,2,21.99,13,0.252,3,Tienda,Oro,Norte,1,0,0,0,0
R201552,57,33.23,5,14.02,16,0.262,2,App,Oro,Norte,0,0,0,0,1
R201553,74,96.5,3,42.0,9,0.375,0,App,Oro,Norte,0,1,0,0,0
R201554,45,41.38,9,17.54,7,0.271,0,Web,Bronce,Centro,1,0,0,0,1
R201555,64,56.53,4,9.02,18,0.188,0,Web,Plata,Norte,0,0,0,0,1
R201556,30,166.23,5,22.77,10,0.365,0,Web,Bronce,Sur,0,0,0,1,0
R201557,41,119.28,3,49.2,4,0.356,1,Tienda,Oro,Centro,0,0,0,0,1
R201558,49,221.03,4,60.97,12,0.317,0,Web,Bronce,Sur,0,1,0,1,0
R201559,26,109.31,3,42.98,8,0.179,1,App,Oro,Norte,0,0,0,0,1
R201560,63,109.58,2,78.25,10,0.395,1,Web,Plata,Centro,0,1,0,0,0
R201561,26,198.52,4,66.43,9,0.091,2,App,Bronce,Centro,0,0,0,1,0
R201562,71,31.89,6,8.0,9,0.347,4,App,Plata,Centro,0,0,0,0,1
R201563,34,28.62,1,40.41,11,0.08,1,Web,Bronce,Centro,0,0,0,0,1
R201564,43,130.14,4,37.28,9,0.62,1,Tienda,Bronce,Centro,1,1,1,0,1
R201565,40,90.62,3,37.44,6,0.727,1,App,Bronce,Centro,0,1,0,0,1
R201566,20,111.89,5,27.21,2,0.331,1,Web,Oro,Sur,0,0,0,1,0
R201567,63,29.88,6,14.37,16,0.232,1,Web,Plata,Centro,0,0,0,0,1
R201568,63,114.45,7,17.34,14,0.082,1,App,Bronce,Centro,0,0,0,0,1
R201569,49,148.48,2,58.1,9,0.258,1,Web,Bronce,Norte,0,0,1,0,0
R201570,66,69.69,5,36.2,11,0.7,0,Web,Bronce,Centro,0,0,0,1,1
R201571,67,107.13,5,28.8,9,0.223,0,Web,Bronce,Centro,0,1,0,0,0
R201572,20,85.86,5,26.48,18,0.526,0,Tienda,Bronce,Centro,0,1,1,0,1
R201573,71,81.95,6,8.0,10,0.267,0,Web,Plata,Centro,0,0,0,0,1
R201574,55,83.58,7,16.1,9,0.17,1,Tienda,Bronce,Centro,0,1,0,1,1
R201575,31,183.92,3,72.24,12,0.063,1,Tienda,Bronce,Centro,0,0,0,1,0
R201576,18,156.94,5,47.93,12,0.442,1,Web,Plata,Sur,0,0,0,1,0
R201577,29,157.03,1,156.75,13,0.305,0,App,Oro,Sur,0,0,1,0,0
R201578,48,115.9,2,55.98,9,0.251,1,App,Bronce,Centro,0,0,0,0,1
R201579,70,159.59,3,73.4,8,0.557,0,Tienda,Bronce,Sur,1,1,0,0,0
R201580,23,58.35,1,60.08,10,0.508,1,Tienda,Bronce,Sur,0,0,0,0,1
R201581,23,130.23,6,35.91,7,0.175,1,Tienda,Oro,Norte,0,0,0,0,1
R201582,29,49.0,5,8.0,15,0.261,1,App,Plata,Sur,1,0,0,1,1
R201583,48,49.41,4,35.11,13,0.059,0,App,Oro,Centro,1,0,0,0,1
R201584,73,98.42,4,36.92,12,0.442,1,App,Plata,Sur,0,1,0,0,0
R201585,29,223.05,2,124.92,13,0.302,0,Web,Plata,Norte,0,1,1,0,0
R201586,60,83.55,4,34.19,8,0.241,0,Tienda,Bronce,Centro,0,0,0,0,1
R201587,44,183.4,2,94.83,7,0.251,0,Web,Bronce,Centro,0,1,0,0,0
R201588,65,300.56,6,41.9,9,0.399,1,App,Bronce,Sur,0,1,0,0,0
R201589,56,82.77,4,24.22,10,0.279,0,Web,Plata,Sur,0,1,0,0,0
R201590,24,52.39,6,22.26,19,0.078,1,App,Plata,Sur,0,0,0,1,0
R201591,31,76.85,5,17.66,10,0.454,1,App,Bronce,Norte,0,0,0,0,1
R201592,65,42.45,9,8.0,8,0.71,1,App,Oro,Centro,0,0,0,0,1
R201593,75,249.75,6,49.51,14,0.196,2,App,Bronce,Centro,1,1,0,0,0
R201594,21,348.39,6,70.57,7,0.329,0,Tienda,Oro,Centro,0,1,1,1,1
R201595,54,248.54,7,48.02,10,0.308,1,Web,Oro,Centro,0,1,0,1,0
R201596,38,115.08,5,42.05,18,0.476,0,Tienda,Bronce,Norte,0,0,0,0,1
R201597,19,239.1,1,220.0,12,0.626,2,Tienda,Bronce,Centro,1,0,0,0,0
R201598,75,159.36,0,153.88,8,0.413,1,App,Bronce,Centro,0,0,0,1,0
R201599,44,46.66,13,10.97,9,0.629,0,Tienda,Bronce,Norte,0,0,0,0,1
R201600,59,162.48,5,37.92,9,0.431,1,Web,Oro,Sur,0,1,0,0,0
R201601,60,114.69,7,20.93,9,0.497,0,Web,Bronce,Sur,0,0,1,0,1
R201602,50,301.37,4,70.6,8,0.114,2,Tienda,Bronce,Centro,0,1,0,0,0
R201603,34,63.21,5,18.81,10,0.504,0,Web,Oro,Sur,1,1,0,0,1
R201604,39,87.84,4,21.39,14,0.31,0,Web,Bronce,Centro,0,1,0,0,1
R201605,56,90.6,6,13.45,11,0.417,0,Web,Plata,Norte,0,1,0,0,0
R201606,68,77.33,1,92.51,14,0.576,0,App,Bronce,Centro,0,0,0,1,1
R201607,72,321.03,3,118.86,11,0.056,0,Tienda,Bronce,Centro,1,0,0,0,0
R201608,30,118.82,5,49.02,8,0.194,1,Web,Plata,Centro,0,0,0,1,0
R201609,57,177.7,9,20.45,10,0.135,0,Web,Bronce,Norte,1,0,0,0,0
R201610,57,51.22,5,8.0,8,0.601,0,Tienda,Bronce,Centro,0,1,0,0,1
R201611,59,109.39,5,37.13,13,0.388,1,App,Oro,Centro,0,1,0,0,0
R201612,49,85.52,3,31.3,13,0.37,0,Tienda,Bronce,Centro,0,1,0,0,0
R201613,60,186.58,5,31.79,13,0.16,0,Web,Oro,Centro,1,0,0,0,0
R201614,53,107.24,2,58.71,13,0.538,2,App,Plata,Centro,0,0,0,1,0
R201615,19,59.41,2,52.51,12,0.182,1,App,Plata,Sur,0,0,0,1,0
R201616,23,180.19,7,16.36,6,0.048,1,Web,Plata,Centro,0,0,1,0,0
R201617,44,314.43,4,62.44,12,0.444,0,Tienda,Plata,Sur,0,1,0,0,1
R201618,35,158.41,4,59.4,11,0.593,1,Web,Bronce,Centro,0,0,0,1,0
R201619,53,200.81,2,108.4,7,0.087,1,Tienda,Oro,Centro,0,1,0,0,0
R201620,64,249.84,6,48.65,4,0.614,0,App,Bronce,Centro,0,1,0,0,0
R201621,55,146.62,5,40.38,8,0.157,1,Tienda,Plata,Sur,0,1,0,0,0
R201622,37,80.8,5,30.07,8,0.487,0,App,Plata,Centro,0,0,1,0,0
R201623,67,117.02,2,81.42,12,0.403,2,Tienda,Bronce,Centro,0,1,0,0,0
R201624,71,216.72,7,39.32,13,0.611,2,App,Bronce,Sur,0,1,0,0,0
R201625,43,215.2,4,49.01,11,0.233,0,App,Bronce,Norte,0,0,0,1,0
R201626,53,188.61,5,48.28,9,0.368,1,App,Oro,Centro,0,0,0,1,1
R201627,63,226.93,3,88.42,11,0.434,0,Web,Bronce,Centro,0,1,0,0,1
R201628,45,46.61,6,44.21,11,0.039,1,Tienda,Bronce,Norte,0,0,0,0,1
R201629,74,56.11,3,18.5,9,0.645,2,App,Plata,Sur,1,0,0,0,0
R201630,39,138.77,5,42.53,9,0.232,0,Web,Bronce,Centro,0,0,0,0,1
R201631,29,136.11,8,20.41,8,0.179,0,App,Bronce,Norte,0,0,1,1,1
R201632,38,105.48,8,38.47,10,0.361,0,App,Oro,Sur,1,0,0,0,1
R201633,25,189.09,2,102.7,7,0.159,0,Tienda,Bronce,Centro,0,0,0,1,0
R201634,25,239.94,4,68.54,13,0.081,0,App,Bronce,Centro,0,0,0,1,0
R201635,57,95.63,6,24.81,12,0.527,1,Web,Bronce,Centro,0,0,0,0,1
R201636,73,51.03,6,8.0,10,0.518,0,App,Plata,Norte,0,1,0,1,0
R201637,31,183.75,10,44.06,13,0.439,1,App,Bronce,Centro,0,0,0,0,1
R201638,65,50.1,0,53.28,5,0.099,2,App,Oro,Centro,0,1,0,0,0
R201639,20,42.93,6,16.49,8,0.414,0,App,Bronce,Sur,0,0,0,0,1
R201640,61,134.62,6,26.67,7,0.636,1,Tienda,Oro,Sur,0,1,0,0,0
R201641,32,128.47,10,18.36,16,0.376,0,App,Oro,Centro,1,0,0,0,1
R201642,59,45.38,5,12.09,6,0.07,2,App,Plata,Sur,1,0,0,0,0
R201643,38,105.86,2,42.39,7,0.136,0,App,Oro,Norte,1,0,0,0,0
R201644,71,113.45,5,46.03,12,0.097,0,App,Oro,Centro,0,0,1,0,0
R201645,27,104.46,2,59.61,12,0.7,0,Web,Plata,Centro,0,0,0,1,0
R201646,21,62.31,7,30.64,6,0.049,0,App,Plata,Sur,1,0,1,0,1
R201647,62,58.91,12,14.38,9,0.141,1,App,Plata,Centro,0,1,0,0,0
R201648,29,238.66,3,85.19,10,0.134,0,Web,Bronce,Sur,0,0,0,1,0
R201649,57,226.72,3,87.81,11,0.252,1,App,Bronce,Norte,0,0,0,1,0
R201650,27,25.24,12,12.58,10,0.316,0,Web,Bronce,Centro,0,1,0,0,1
R201651,65,48.62,8,27.0,9,0.307,0,Tienda,Bronce,Sur,0,1,0,0,0
R201652,49,93.3,9,16.42,12,0.784,3,Web,Plata,Sur,0,0,0,0,1
R201653,74,50.25,4,12.73,9,0.104,2,Tienda,Plata,Centro,0,1,0,0,0
R201654,42,120.54,7,31.01,9,0.295,1,App,Bronce,Norte,0,1,0,0,0
R201655,75,175.0,7,43.33,6,0.49,1,Tienda,Bronce,Centro,0,0,0,0,1
R201656,74,26.04,6,19.36,11,0.317,2,Web,Plata,Centro,0,1,0,1,0
R201657,74,43.71,7,8.0,14,0.332,1,App,Plata,Sur,0,0,0,0,1
R201658,27,89.87,5,24.03,8,0.2,1,Web,Bronce,Centro,0,0,0,1,0
R201659,43,57.8,5,33.51,12,0.297,2,App,Bronce,Centro,0,0,0,0,1
R201660,30,75.84,6,27.33,9,0.309,0,App,Bronce,Norte,0,0,0,0,1
R201661,23,37.4,4,19.44,13,0.532,0,Web,Bronce,Sur,0,0,0,0,1
R201662,48,112.93,5,31.39,7,0.561,1,Web,Bronce,Norte,0,0,0,0,1
R201663,38,173.63,6,23.64,12,0.251,2,App,Plata,Norte,0,0,0,1,0
R201664,30,44.88,5,10.2,8,0.07,2,App,Plata,Centro,0,0,0,1,0
R201665,68,105.37,3,52.83,13,0.254,1,App,Oro,Centro,0,1,0,0,0
R201666,32,155.29,6,33.44,11,0.319,0,Tienda,Bronce,Norte,0,0,0,1,0
R201667,56,201.61,6,37.56,8,0.524,1,Web,Bronce,Sur,0,1,0,0,1
R201668,66,102.6,6,37.0,9,0.072,4,Web,Oro,Sur,0,0,0,1,0
R201669,20,120.97,8,12.21,9,0.344,0,App,Bronce,Centro,0,1,0,1,1
R201670,51,76.95,7,19.56,12,0.182,0,Tienda,Bronce,Norte,0,0,0,0,1
R201671,18,131.92,7,11.17,9,0.146,0,App,Bronce,Norte,0,0,0,1,1
R201672,69,128.14,7,25.47,8,0.381,3,App,Bronce,Sur,0,0,1,0,0
R201673,35,158.82,2,74.94,8,0.301,2,App,Oro,Centro,1,0,0,1,0
R201674,26,263.59,5,50.96,8,0.244,1,Tienda,Bronce,Centro,0,0,0,1,1
R201675,34,51.93,9,8.0,12,0.262,2,App,Bronce,Norte,0,1,0,0,0
R201676,41,102.23,2,62.48,9,0.75,0,App,Bronce,Centro,0,1,0,0,0
R201677,63,112.26,8,26.09,7,0.028,1,Web,Bronce,Norte,0,0,0,0,1
R201678,68,28.98,7,8.0,6,0.428,1,App,Oro,Centro,0,0,1,0,0
R201679,60,30.66,3,16.83,4,0.8,0,Tienda,Oro,Norte,0,1,1,0,0
R201680,19,75.88,1,91.74,12,0.241,3,Tienda,Bronce,Centro,0,1,0,1,1
R201681,26,107.4,6,8.0,11,0.45,0,Web,Bronce,Centro,0,0,0,0,1
R201682,66,146.28,6,33.25,11,0.261,1,Tienda,Bronce,Centro,0,1,0,1,0
R201683,70,83.29,4,19.43,7,0.361,0,App,Bronce,Centro,0,0,0,1,0
R201684,43,83.11,2,47.02,12,0.629,0,App,Plata,Sur,0,0,0,0,1
R201685,42,147.07,6,35.81,11,0.686,0,Web,Plata,Centro,0,0,0,0,1
R201686,18,214.32,2,133.95,11,0.746,0,Web,Plata,Centro,1,0,0,1,0
R201687,72,222.58,10,26.28,3,0.386,0,App,Plata,Sur,0,0,0,1,1
R201688,45,235.45,4,57.42,7,0.77,1,Web,Oro,Sur,0,1,0,1,1
R201689,58,162.76,6,31.39,11,0.116,1,App,Plata,Sur,0,0,0,0,1
R201690,42,42.6,3,12.79,11,0.575,2,App,Bronce,Centro,1,0,0,0,0
R201691,60,180.4,2,94.33,8,0.354,0,App,Bronce,Centro,0,1,0,1,0
R201692,57,81.55,3,36.31,10,0.391,1,Web,Oro,Centro,1,1,1,0,0
R201693,73,79.21,6,8.0,10,0.439,0,Tienda,Bronce,Centro,0,1,0,1,1
R201694,35,157.86,7,20.06,9,0.334,1,App,Plata,Sur,0,0,0,1,0
R201695,20,147.25,3,63.0,6,0.084,0,App,Bronce,Norte,0,1,0,0,0
R201696,39,70.85,3,35.2,10,0.285,0,Web,Bronce,Centro,0,0,0,0,1
R201697,27,115.62,3,50.16,11,0.532,3,App,Plata,Centro,0,0,0,1,0
R201698,42,184.79,6,49.4,11,0.394,1,App,Bronce,Norte,0,0,0,1,0
R201699,28,79.32,1,97.75,8,0.206,0,Tienda,Plata,Centro,0,1,0,1,0
R201700,70,53.46,3,36.16,15,0.21,0,Tienda,Plata,Centro,0,0,0,1,1
R201701,37,57.41,6,16.96,10,0.583,1,App,Plata,Centro,1,0,0,0,1
R201702,69,81.24,5,8.15,11,0.755,1,App,Bronce,Norte,0,0,0,0,1
R201703,65,158.59,5,23.94,7,0.111,1,App,Bronce,Centro,0,0,1,0,0
R201704,52,119.09,11,13.62,4,0.43,0,App,Plata,Sur,0,0,0,0,1
R201705,73,193.36,3,77.46,12,0.451,0,Tienda,Plata,Centro,1,1,0,0,0
R201706,73,290.82,9,38.62,7,0.362,0,Web,Bronce,Sur,0,0,0,0,1
R201707,25,127.36,4,41.92,7,0.622,0,Web,Bronce,Sur,0,0,1,0,0
R201708,69,99.18,5,18.4,16,0.297,1,Web,Plata,Sur,0,1,0,0,0
R201709,74,276.42,5,54.22,13,0.193,0,Tienda,Plata,Norte,0,0,1,1,0
R201710,59,102.81,4,28.24,7,0.466,1,App,Bronce,Sur,0,1,0,0,0
R201711,54,60.63,6,23.07,10,0.602,2,Web,Oro,Centro,0,0,0,0,1
R201712,72,87.4,5,28.08,4,0.474,2,App,Plata,Centro,0,0,0,0,1
R201713,67,136.17,7,28.66,7,0.236,0,Web,Bronce,Norte,0,0,0,1,0
R201714,23,286.78,6,57.23,15,0.483,1,Web,Bronce,Centro,1,1,0,1,1
R201715,44,188.56,4,51.8,6,0.505,3,Tienda,Bronce,Centro,0,1,0,0,1
R201716,45,145.09,7,42.33,9,0.463,0,App,Plata,Centro,0,0,0,1,1
R201717,45,220.65,4,77.48,11,0.274,0,Web,Bronce,Centro,0,0,0,1,0
R201718,40,136.9,5,44.86,8,0.361,2,Web,Plata,Centro,1,0,1,0,0
R201719,36,70.52,3,18.99,13,0.349,0,Web,Plata,Centro,0,1,1,0,0
R201720,59,178.16,6,36.91,11,0.574,0,Tienda,Bronce,Sur,0,1,0,0,0
R201721,28,111.45,3,41.91,19,0.526,0,App,Bronce,Centro,0,0,0,0,1
R201722,28,126.22,7,12.98,13,0.296,0,Web,Plata,Centro,0,0,0,0,1
R201723,38,132.16,2,81.72,10,0.052,0,App,Bronce,Centro,0,0,0,0,1
R201724,33,105.58,4,30.65,13,0.588,0,Tienda,Plata,Sur,1,1,0,0,0
R201725,31,42.34,2,33.19,13,0.256,1,App,Bronce,Centro,0,0,1,0,0
R201726,27,84.58,6,18.92,13,0.571,0,Tienda,Oro,Sur,1,0,0,1,1
R201727,44,215.48,6,38.64,5,0.486,1,Tienda,Bronce,Norte,1,1,0,1,1
R201728,64,175.7,3,68.49,12,0.275,2,Tienda,Bronce,Centro,0,0,0,0,1
R201729,47,110.51,7,33.89,15,0.383,0,App,Plata,Centro,1,0,0,0,0
R201730,37,160.56,5,25.3,11,0.271,1,Web,Bronce,Centro,1,0,0,0,0
R201731,68,352.54,2,156.33,11,0.516,0,Tienda,Bronce,Sur,1,1,0,1,0
R201732,44,167.98,2,101.92,6,0.156,1,App,Bronce,Sur,1,0,0,0,0
R201733,20,57.43,4,27.98,12,0.166,0,Web,Plata,Centro,0,0,0,1,0
R201734,32,76.73,5,34.53,9,0.309,2,App,Bronce,Sur,0,0,0,0,1
R201735,49,49.48,10,17.72,6,0.507,2,App,Plata,Sur,1,1,0,0,1
R201736,49,130.37,6,39.27,3,0.335,2,Web,Plata,Norte,0,0,0,1,0
R201737,46,28.72,5,8.0,14,0.165,2,Tienda,Bronce,Sur,0,1,0,0,0
R201738,72,192.24,5,51.45,9,0.427,0,Tienda,Bronce,Sur,0,1,0,0,0
R201739,39,27.08,3,19.49,13,0.331,1,Web,Bronce,Centro,0,0,0,0,1
R201740,38,215.57,5,50.06,12,0.368,0,Web,Oro,Sur,0,1,0,0,0
R201741,66,42.95,4,8.0,5,0.596,1,Tienda,Bronce,Norte,0,0,0,0,1
R201742,38,28.36,8,23.78,8,0.346,1,App,Oro,Centro,0,0,0,0,1
R201743,28,97.72,8,14.56,14,0.578,1,Web,Plata,Centro,0,1,0,1,1
R201744,71,113.57,6,25.8,18,0.508,1,Tienda,Oro,Centro,0,0,0,0,1
R201745,21,61.99,3,33.68,6,0.524,1,App,Oro,Centro,0,0,0,1,0
R201746,64,56.24,2,40.29,10,0.6,0,App,Plata,Centro,0,0,0,0,1
R201747,23,31.73,3,21.17,7,0.316,0,Tienda,Plata,Sur,0,0,0,0,1
R201748,67,178.53,7,54.77,12,0.083,1,App,Oro,Centro,1,0,0,0,0
R201749,27,22.85,11,8.0,8,0.348,1,Tienda,Plata,Centro,1,0,0,0,0
R201750,60,139.06,6,26.28,6,0.274,1,Tienda,Plata,Centro,0,0,0,0,1
R201751,28,166.63,7,19.05,8,0.211,0,Web,Oro,Sur,0,1,0,0,0
R201752,36,154.57,4,44.88,4,0.393,2,App,Plata,Norte,0,0,0,1,0
R201753,59,156.56,1,168.03,6,0.309,1,Tienda,Plata,Sur,0,1,0,0,0
R201754,28,247.84,8,45.36,12,0.189,1,Web,Bronce,Centro,0,0,0,1,0
R201755,65,123.32,9,19.87,9,0.531,3,App,Plata,Sur,0,0,0,0,1
R201756,29,109.15,5,21.23,8,0.29,1,Web,Plata,Centro,0,0,0,0,1
R201757,36,262.39,4,79.29,12,0.164,0,Web,Plata,Sur,0,1,0,0,1
R201758,50,187.49,4,49.63,5,0.719,3,Web,Bronce,Centro,0,0,1,0,0
R201759,65,47.08,2,21.28,17,0.466,1,Tienda,Plata,Norte,0,1,0,0,0
R201760,49,42.85,4,31.66,14,0.281,2,Web,Bronce,Centro,0,0,0,1,1
R201761,54,97.24,3,47.54,11,0.15,1,App,Bronce,Centro,0,0,0,0,1
R201762,52,75.46,5,35.84,13,0.644,1,App,Bronce,Sur,1,0,0,0,1
R201763,69,210.22,6,43.79,7,0.378,1,App,Plata,Norte,0,1,0,0,0
R201764,37,58.83,3,16.61,12,0.171,0,App,Plata,Sur,1,0,0,0,0
R201765,55,139.4,4,53.04,7,0.285,0,Tienda,Plata,Norte,0,1,0,0,1
R201766,70,71.84,7,22.25,12,0.389,0,App,Bronce,Centro,0,0,0,0,1
R201767,36,171.15,3,56.06,8,0.501,1,Web,Oro,Norte,0,0,1,1,0
R201768,43,76.71,7,16.99,11,0.139,1,App,Bronce,Centro,0,0,0,1,0
R201769,39,70.58,9,28.92,7,0.059,0,Web,Plata,Sur,0,0,0,1,1
R201770,32,173.13,6,40.96,4,0.237,0,App,Plata,Centro,1,0,0,0,1
R201771,46,65.01,5,28.08,9,0.592,0,App,Bronce,Sur,1,0,0,0,0
R201772,27,27.36,6,10.78,8,0.365,1,App,Plata,Sur,1,0,0,1,0
R201773,46,179.65,2,90.45,7,0.266,0,App,Oro,Sur,0,1,0,0,0
R201774,43,131.77,3,63.81,8,0.184,0,Web,Plata,Centro,0,0,1,0,1
R201775,32,103.87,5,28.95,17,0.65,1,Web,Plata,Sur,1,0,0,0,1
R201776,51,123.31,5,43.66,12,0.566,3,Web,Plata,Centro,0,1,0,0,0
R201777,70,95.2,4,17.05,9,0.333,1,Tienda,Plata,Centro,0,0,0,1,0
R201778,64,188.52,5,45.89,8,0.23,0,Web,Plata,Sur,0,1,0,0,0
R201779,50,64.72,7,25.72,12,0.292,1,Web,Bronce,Norte,0,0,0,0,1
R201780,69,225.28,4,64.14,13,0.172,2,Tienda,Plata,Centro,0,1,0,1,0
R201781,24,93.5,3,35.12,8,0.246,1,Tienda,Plata,Sur,0,0,0,1,0
R201782,67,141.14,4,29.28,12,0.536,0,App,Bronce,Centro,1,0,0,0,0
R201783,35,255.66,2,122.46,5,0.488,1,App,Bronce,Sur,0,1,1,0,0
R201784,26,213.75,3,78.52,11,0.437,1,Tienda,Oro,Centro,0,0,1,0,0
R201785,42,46.81,3,34.14,5,0.42,2,Web,Bronce,Centro,0,1,0,0,0
R201786,45,154.47,1,148.97,11,0.08,0,Web,Bronce,Sur,1,1,0,0,0
R201787,27,143.44,4,46.15,7,0.173,1,App,Bronce,Norte,0,0,0,1,1
R201788,18,50.29,3,20.8,5,0.507,1,App,Bronce,Sur,0,0,1,1,0
R201789,35,105.68,4,42.14,7,0.748,0,Web,Plata,Centro,1,0,0,0,0
R201790,65,140.65,7,14.26,16,0.25,2,App,Bronce,Centro,1,0,0,0,1
R201791,21,58.94,11,8.0,9,0.339,0,Tienda,Bronce,Norte,0,0,0,0,1
R201792,54,63.54,7,31.29,13,0.262,0,Web,Bronce,Centro,1,0,0,0,0
R201793,22,35.12,5,27.48,15,0.389,0,Tienda,Bronce,Sur,0,0,0,0,1
R201794,32,247.61,6,53.34,7,0.223,2,Web,Plata,Norte,0,0,0,1,0
R201795,25,256.04,0,220.0,5,0.372,2,Web,Bronce,Sur,1,0,0,1,0
R201796,38,127.24,9,19.86,11,0.141,0,App,Plata,Centro,0,0,1,0,0
R201797,44,229.84,3,72.94,18,0.346,2,App,Oro,Centro,0,0,0,1,0
R201798,71,59.67,2,41.82,13,0.475,1,App,Bronce,Sur,0,1,0,0,0
R201799,52,92.32,7,11.28,9,0.433,2,Tienda,Bronce,Centro,0,1,0,0,1
R201800,37,122.5,4,19.0,10,0.271,0,Tienda,Bronce,Norte,0,1,0,1,1
R201801,19,54.01,6,40.47,8,0.289,3,Tienda,Plata,Norte,0,0,0,0,1
R201802,65,162.88,5,61.58,12,0.349,0,Tienda,Plata,Norte,0,0,0,0,1
R201803,22,40.28,4,21.47,14,0.221,1,App,Bronce,Centro,1,0,0,0,1
R201804,41,41.39,6,14.59,11,0.383,2,Tienda,Plata,Sur,0,0,1,0,1
R201805,75,90.27,3,37.51,12,0.448,1,Web,Oro,Centro,0,1,0,0,0
R201806,61,148.72,5,54.89,14,0.383,2,App,Plata,Centro,0,1,0,0,0
R201807,27,96.46,6,43.54,11,0.626,0,App,Bronce,Norte,0,0,0,1,0
R201808,48,97.09,3,29.15,12,0.308,1,Tienda,Bronce,Centro,0,0,0,0,1
R201809,33,80.58,7,18.21,19,0.294,0,App,Bronce,Centro,0,1,0,0,0
R201810,74,43.31,4,26.18,11,0.562,0,App,Plata,Sur,0,1,0,0,0
R201811,54,154.17,7,37.85,9,0.225,0,Web,Bronce,Sur,1,0,0,0,0
R201812,37,90.68,8,8.0,10,0.392,3,Tienda,Oro,Norte,0,0,0,0,1
R201813,22,87.38,4,54.28,7,0.406,0,App,Bronce,Centro,1,0,0,1,0
R201814,52,72.87,7,24.91,15,0.356,0,App,Bronce,Sur,1,0,0,0,0
R201815,67,273.96,5,71.09,6,0.472,2,Web,Bronce,Centro,1,1,0,1,0
R201816,68,211.79,7,51.07,12,0.347,1,Web,Bronce,Centro,0,1,0,0,1
R201817,74,70.16,7,17.17,11,0.255,1,App,Oro,Centro,0,0,1,0,1
R201818,46,248.24,3,91.28,9,0.602,0,App,Plata,Norte,0,1,0,0,0
R201819,32,103.71,4,27.86,6,0.49,0,Web,Bronce,Centro,1,1,0,0,0
R201820,52,54.83,7,19.28,7,0.376,1,Web,Oro,Sur,0,0,0,0,1
R201821,65,111.13,12,27.59,10,0.276,0,Tienda,Plata,Sur,0,0,0,0,1
R201822,47,233.82,2,136.01,10,0.361,2,App,Bronce,Sur,0,1,0,1,0
R201823,42,126.46,9,39.19,8,0.687,3,App,Plata,Centro,0,0,0,0,1
R201824,32,164.34,5,46.41,10,0.769,3,Tienda,Bronce,Norte,1,0,0,0,1
R201825,23,74.2,8,8.0,12,0.434,0,Web,Bronce,Sur,0,0,0,0,1
R201826,63,281.39,3,110.98,6,0.29,1,App,Bronce,Centro,0,0,1,0,0
R201827,33,124.19,4,26.05,13,0.337,2,Web,Plata,Centro,0,0,0,0,1
R201828,70,157.71,6,40.01,15,0.503,0,App,Oro,Centro,0,1,0,0,1
R201829,20,176.17,4,33.52,16,0.383,1,App,Plata,Centro,1,0,0,1,1
R201830,32,114.93,4,39.32,6,0.423,0,Web,Bronce,Sur,1,0,0,0,1
R201831,44,158.13,5,45.06,5,0.481,1,Web,Plata,Norte,0,1,0,0,1
R201832,72,252.43,2,125.44,7,0.19,1,Tienda,Bronce,Centro,0,1,0,1,1
R201833,27,136.0,4,50.04,5,0.087,3,Web,Plata,Sur,0,0,0,1,0
R201834,47,143.07,6,31.22,7,0.35,0,Web,Bronce,Sur,0,1,1,0,0
R201835,28,115.03,3,50.57,12,0.395,1,Web,Oro,Norte,0,1,0,0,0
R201836,40,172.92,6,26.86,12,0.286,1,App,Bronce,Centro,0,1,0,0,0
R201837,70,78.57,5,28.42,5,0.559,0,App,Bronce,Centro,1,1,0,0,1
R201838,55,158.7,8,18.09,7,0.157,1,Tienda,Plata,Centro,0,1,1,1,0
R201839,35,170.69,2,116.09,7,0.253,0,Web,Bronce,Centro,1,0,0,1,0
R201840,28,91.37,5,15.7,6,0.232,0,Tienda,Bronce,Centro,0,1,0,1,0
R201841,25,125.47,2,63.93,13,0.357,0,Web,Bronce,Centro,0,0,0,1,0
R201842,73,119.74,8,18.53,7,0.264,0,Web,Bronce,Centro,0,1,0,1,1
R201843,64,49.15,13,13.58,6,0.451,0,Tienda,Bronce,Centro,0,0,0,0,1
R201844,75,23.14,6,12.78,12,0.707,0,Tienda,Plata,Centro,0,0,0,0,1
R201845,61,200.76,9,38.11,9,0.323,2,Web,Plata,Centro,0,1,0,0,0
R201846,65,76.58,6,23.36,9,0.779,1,Web,Plata,Norte,0,0,0,1,0
R201847,65,45.51,7,18.93,12,0.274,1,Web,Oro,Centro,0,0,0,0,1
R201848,37,121.69,1,117.95,16,0.255,1,App,Oro,Sur,1,1,1,1,0
R201849,26,189.1,5,42.81,12,0.227,0,Web,Plata,Norte,0,0,1,0,0
R201850,21,89.14,5,28.64,11,0.179,1,App,Bronce,Centro,0,0,0,1,0
R201851,32,134.6,5,35.92,5,0.423,1,App,Plata,Norte,0,0,1,1,0
R201852,37,107.99,4,34.14,13,0.619,1,App,Bronce,Norte,0,0,0,0,1
R201853,18,150.14,2,93.61,10,0.187,1,App,Plata,Norte,0,0,0,1,0
R201854,32,133.41,7,19.92,9,0.514,0,App,Bronce,Centro,0,0,0,0,1
R201855,70,63.6,0,60.97,9,0.416,1,Tienda,Oro,Centro,0,0,0,0,1
R201856,56,44.93,3,27.41,16,0.284,0,Tienda,Plata,Sur,0,0,0,1,0
R201857,46,103.02,3,39.46,12,0.252,2,Web,Plata,Sur,0,1,0,0,0
R201858,42,183.68,5,56.86,7,0.149,1,Web,Plata,Centro,0,1,0,0,0
R201859,34,142.62,4,34.28,5,0.116,0,Web,Oro,Norte,1,1,1,1,1
R201860,22,127.12,5,37.46,11,0.381,1,App,Bronce,Centro,0,0,0,1,0
R201861,37,53.52,3,24.02,15,0.363,0,Tienda,Bronce,Centro,0,1,0,1,0
R201862,44,127.38,2,70.25,8,0.438,1,Tienda,Plata,Sur,0,1,0,1,1
R201863,75,121.22,5,25.26,8,0.15,0,Web,Bronce,Sur,0,1,0,0,1
R201864,31,81.88,6,8.0,3,0.455,0,Web,Plata,Sur,0,0,0,0,1
R201865,21,317.47,6,60.19,7,0.334,2,Web,Plata,Centro,0,0,0,1,0
R201866,65,147.29,3,62.61,9,0.138,2,App,Plata,Centro,0,1,0,0,0
R201867,69,24.36,8,29.61,8,0.236,2,App,Plata,Sur,0,1,0,0,0
R201868,71,39.12,3,24.82,14,0.162,0,App,Bronce,Centro,0,0,1,0,1
R201869,70,77.02,2,49.78,7,0.276,0,Web,Bronce,Centro,0,1,0,0,0
R201870,33,121.15,3,49.95,10,0.175,1,App,Bronce,Norte,0,1,0,0,0
R201871,25,144.32,2,80.33,8,0.499,0,Web,Bronce,Sur,1,1,0,0,1
R201872,34,30.86,7,15.48,10,0.263,2,Tienda,Bronce,Centro,0,0,0,0,1
R201873,70,113.67,6,29.23,11,0.285,0,Tienda,Oro,Sur,0,0,0,0,1
R201874,26,112.54,4,51.52,12,0.339,0,App,Bronce,Centro,1,0,0,0,1
R201875,43,64.78,0,85.66,9,0.178,0,Web,Plata,Centro,0,0,0,0,1
R201876,50,93.2,6,35.13,6,0.322,2,Web,Oro,Centro,0,1,0,0,0
R201877,51,110.61,2,60.4,10,0.745,0,Web,Plata,Centro,0,0,0,0,1
R201878,74,35.8,5,30.5,12,0.568,0,App,Plata,Sur,0,1,0,0,1
R201879,18,115.15,4,38.52,15,0.225,0,Web,Plata,Sur,0,0,0,1,0
R201880,18,72.35,3,56.39,7,0.36,0,Tienda,Plata,Centro,0,0,0,1,0
R201881,20,102.57,3,50.06,15,0.44,3,Web,Bronce,Centro,0,0,0,0,1
R201882,49,74.26,3,39.65,10,0.078,2,Web,Plata,Centro,0,1,0,0,0
R201883,65,249.84,3,80.12,12,0.086,0,App,Plata,Centro,0,0,0,0,1
R201884,24,70.75,3,22.14,10,0.682,2,App,Bronce,Centro,0,0,0,1,0
R201885,56,67.81,7,22.72,9,0.255,1,Tienda,Plata,Sur,0,1,0,1,0
R201886,38,230.2,3,85.39,15,0.257,1,App,Plata,Norte,0,1,0,0,0
R201887,57,81.11,6,11.45,11,0.305,1,Web,Bronce,Sur,0,1,0,0,0
R201888,72,217.57,3,73.16,7,0.261,0,Web,Plata,Sur,0,1,0,0,1
R201889,23,423.85,5,91.63,16,0.306,2,Tienda,Oro,Norte,1,1,0,0,1
R201890,74,97.77,3,35.16,10,0.558,0,App,Bronce,Norte,0,1,0,0,0
R201891,25,159.22,6,45.42,6,0.309,1,Web,Bronce,Centro,0,0,0,1,1
R201892,19,34.64,3,27.77,11,0.312,1,Tienda,Plata,Norte,0,0,0,1,0
R201893,25,95.42,3,55.87,7,0.172,0,Tienda,Bronce,Centro,0,0,0,0,1
R201894,64,143.64,6,37.01,8,0.244,2,App,Bronce,Centro,0,1,0,0,0
R201895,31,293.41,3,103.52,16,0.248,0,Web,Plata,Centro,0,0,0,1,0
R201896,36,134.67,3,55.33,7,0.514,0,Tienda,Oro,Centro,0,0,0,0,1
R201897,42,99.83,6,21.87,9,0.325,2,Web,Bronce,Norte,0,1,0,0,0
R201898,63,144.91,4,44.25,4,0.512,1,Web,Bronce,Norte,1,0,0,0,0
R201899,44,15.0,4,33.16,10,0.221,2,App,Bronce,Centro,0,1,0,0,0
R201900,61,52.27,5,8.0,2,0.333,0,Tienda,Plata,Sur,0,0,0,0,1
R201901,29,140.41,3,52.57,9,0.183,3,App,Bronce,Centro,0,0,0,1,0
R201902,32,169.54,7,41.55,9,0.16,2,App,Bronce,Sur,1,0,0,0,0
R201903,66,91.41,5,14.22,15,0.339,0,Web,Bronce,Sur,0,0,1,0,0
R201904,61,55.08,4,23.57,5,0.638,1,App,Plata,Centro,0,1,1,0,0
R201905,41,37.83,4,26.74,9,0.5,0,Tienda,Oro,Centro,0,0,0,0,1
R201906,56,102.92,1,113.87,14,0.641,1,Tienda,Plata,Norte,0,0,0,1,1
R201907,50,155.59,9,18.93,13,0.227,1,Tienda,Bronce,Centro,0,0,0,0,1
R201908,39,222.56,6,50.49,10,0.252,1,App,Bronce,Centro,0,0,0,1,0
R201909,41,150.96,6,25.1,8,0.455,3,Tienda,Oro,Sur,0,1,0,0,0
R201910,53,243.06,8,53.34,8,0.541,0,App,Plata,Centro,0,1,0,0,1
R201911,45,181.82,6,51.67,6,0.344,2,App,Oro,Sur,0,0,0,0,1
R201912,51,41.57,4,8.0,12,0.088,1,Web,Bronce,Centro,0,0,0,0,1
R201913,62,107.41,4,17.95,9,0.758,2,App,Plata,Sur,0,1,1,0,1
R201914,63,101.6,2,58.07,7,0.19,0,App,Oro,Sur,0,1,0,0,0
R201915,28,93.75,4,33.58,13,0.318,0,Web,Bronce,Sur,0,0,0,1,0
R201916,43,169.54,2,92.95,8,0.361,0,Tienda,Bronce,Centro,0,1,0,0,0
R201917,21,170.43,2,100.06,4,0.09,2,Tienda,Oro,Sur,0,0,0,1,1
R201918,32,37.01,3,8.0,11,0.194,1,App,Bronce,Centro,0,0,0,0,1
R201919,23,227.5,4,75.65,14,0.356,0,App,Plata,Norte,0,1,0,0,0
R201920,34,32.24,5,20.73,10,0.578,1,Web,Bronce,Centro,0,0,0,1,0
R201921,26,66.41,5,30.04,8,0.185,2,App,Bronce,Sur,1,0,1,1,0
R201922,33,210.54,8,19.94,6,0.261,0,Web,Bronce,Centro,0,0,1,0,0
R201923,33,138.81,9,32.24,10,0.103,1,Web,Bronce,Norte,0,0,0,0,1
R201924,63,129.56,6,36.95,6,0.273,1,App,Bronce,Sur,1,0,0,0,0
R201925,29,78.59,3,21.74,16,0.373,0,App,Plata,Norte,0,0,0,1,0
R201926,45,63.97,4,14.52,7,0.249,0,App,Bronce,Centro,0,1,0,0,0
R201927,57,147.2,8,24.87,9,0.516,1,App,Plata,Norte,0,0,0,0,1
R201928,34,57.94,6,28.92,8,0.263,0,Tienda,Bronce,Centro,0,1,0,0,0
R201929,46,84.75,6,11.15,8,0.51,1,App,Bronce,Norte,0,0,1,0,1
R201930,47,166.33,3,48.52,8,0.464,3,App,Bronce,Norte,0,1,1,0,0
R201931,61,147.97,4,52.45,6,0.211,2,Tienda,Bronce,Sur,0,1,0,0,0
R201932,51,250.37,2,146.11,13,0.25,0,App,Oro,Norte,0,0,0,0,1
R201933,63,80.35,8,22.11,4,0.313,1,App,Bronce,Centro,0,1,0,0,0
R201934,55,151.56,5,30.94,6,0.463,1,Web,Bronce,Centro,0,1,0,0,0
R201935,35,169.7,6,38.47,13,0.529,0,App,Oro,Centro,0,0,0,1,0
R201936,73,133.22,5,37.94,12,0.386,1,Tienda,Bronce,Centro,0,1,0,0,0
R201937,54,101.72,4,37.73,8,0.408,2,App,Plata,Centro,0,1,0,0,0
R201938,28,83.43,5,37.65,6,0.186,0,Tienda,Bronce,Norte,0,1,0,0,0
R201939,65,108.84,3,50.88,8,0.727,0,Tienda,Oro,Centro,0,0,0,0,1
R201940,40,158.05,5,34.13,4,0.246,0,Tienda,Plata,Centro,0,0,0,1,0
R201941,21,111.34,6,21.94,8,0.396,1,App,Plata,Centro,0,0,0,1,0
R201942,58,113.71,9,19.01,8,0.08,1,App,Oro,Sur,0,0,0,0,1
R201943,45,102.16,8,22.14,13,0.066,0,Web,Plata,Norte,0,0,0,0,1
R201944,58,217.43,5,55.09,6,0.326,3,App,Oro,Centro,0,1,0,0,0
R201945,20,145.68,9,28.33,12,0.079,2,App,Bronce,Centro,0,0,0,0,1
R201946,36,164.22,6,41.13,10,0.456,0,Web,Plata,Centro,0,1,0,0,0
R201947,50,99.37,6,11.85,6,0.428,0,App,Plata,Centro,0,0,1,0,1
R201948,58,76.02,6,8.0,5,0.107,1,App,Plata,Centro,1,0,0,1,0
R201949,18,316.03,4,69.0,14,0.09,1,App,Plata,Centro,0,1,0,0,0
R201950,44,190.13,4,58.17,11,0.589,2,App,Plata,Centro,0,0,0,1,0
R201951,74,198.38,3,70.11,4,0.423,0,Tienda,Plata,Norte,0,1,0,0,0
R201952,61,184.34,3,75.08,5,0.491,0,App,Plata,Centro,1,1,0,1,0
R201953,33,101.36,4,38.83,10,0.725,1,Web,Plata,Centro,0,1,0,1,0
R201954,72,108.46,7,9.59,11,0.468,1,App,Oro,Norte,0,1,0,0,0
R201955,66,156.42,6,29.21,8,0.23,0,Web,Plata,Centro,0,0,0,0,1
R201956,42,104.04,3,48.81,7,0.203,1,App,Plata,Centro,0,0,0,0,1
R201957,43,201.07,1,199.26,17,0.515,1,Web,Bronce,Norte,1,0,0,0,0
R201958,21,431.68,6,88.7,9,0.485,1,Web,Oro,Centro,0,1,0,1,1
R201959,41,81.87,7,41.4,14,0.208,0,Web,Bronce,Sur,1,0,1,0,1
R201960,24,80.13,4,24.62,7,0.49,1,App,Bronce,Centro,0,0,1,1,1
R201961,24,216.14,3,86.76,13,0.703,1,App,Plata,Sur,0,0,0,1,0
R201962,30,59.36,10,19.77,10,0.126,0,Web,Oro,Sur,0,0,1,0,0
R201963,25,182.24,2,119.7,10,0.514,0,App,Plata,Centro,0,0,0,1,0
R201964,21,203.69,10,27.58,15,0.08,0,Web,Plata,Norte,1,0,0,0,0
R201965,69,94.91,10,14.68,10,0.486,3,Web,Oro,Norte,0,1,0,0,1
R201966,73,77.15,5,22.26,6,0.524,2,Web,Plata,Centro,0,1,0,0,1
R201967,58,127.83,5,30.83,8,0.106,1,Web,Oro,Sur,0,1,1,1,0
R201968,40,55.21,4,16.57,11,0.33,0,Web,Bronce,Centro,0,0,0,0,1
R201969,18,53.46,2,31.19,13,0.355,0,Tienda,Bronce,Sur,0,0,0,0,1
R201970,57,104.75,10,9.66,13,0.439,3,App,Plata,Sur,1,0,1,0,0
R201971,33,134.68,7,26.62,10,0.285,0,Tienda,Plata,Norte,0,1,0,0,0
R201972,64,97.77,5,21.85,16,0.028,0,Tienda,Bronce,Sur,0,1,0,0,0
R201973,34,203.95,5,59.0,13,0.098,0,Web,Bronce,Centro,1,1,0,0,1
R201974,40,97.23,2,42.04,5,0.874,1,App,Plata,Centro,0,1,1,1,0
R201975,44,124.29,10,17.13,11,0.341,0,Tienda,Bronce,Norte,1,0,0,0,1
R201976,24,113.47,6,16.33,9,0.174,1,Tienda,Plata,Centro,0,0,1,0,1
R201977,56,175.38,8,18.79,11,0.195,1,App,Bronce,Centro,1,0,0,0,0
R201978,44,60.65,4,16.07,7,0.37,0,Web,Plata,Sur,0,0,0,0,1
R201979,72,83.19,3,20.36,9,0.148,2,App,Bronce,Norte,0,1,0,0,0
R201980,39,114.25,2,76.3,7,0.151,0,App,Oro,Centro,1,1,0,1,0
R201981,69,70.61,3,26.54,11,0.225,4,App,Bronce,Norte,0,0,1,0,1
R201982,46,183.01,8,33.71,7,0.252,1,Tienda,Bronce,Norte,0,0,0,0,1
R201983,31,123.12,11,16.49,11,0.476,2,App,Oro,Centro,0,0,0,0,1
R201984,50,34.44,2,30.95,4,0.551,2,App,Bronce,Sur,0,0,0,1,0
R201985,48,156.24,6,45.19,6,0.202,0,App,Oro,Sur,1,1,0,0,0
R201986,33,243.55,2,140.51,10,0.305,2,App,Plata,Centro,1,0,0,1,0
R201987,20,149.38,2,63.79,12,0.889,0,Tienda,Bronce,Sur,1,0,0,0,0
R201988,66,89.41,8,32.29,9,0.442,2,Web,Plata,Norte,0,0,0,0,1
R201989,35,116.19,5,49.69,9,0.061,0,Tienda,Bronce,Centro,0,0,1,1,1
R201990,55,89.02,7,25.67,12,0.307,1,App,Plata,Centro,0,0,0,0,1
R201991,50,139.49,6,28.11,11,0.49,0,App,Oro,Centro,0,1,1,0,0
R201992,24,70.78,3,39.29,13,0.419,1,Web,Plata,Sur,1,0,0,0,0
R201993,29,100.21,6,22.61,19,0.122,1,Web,Oro,Centro,1,0,0,1,1
R201994,42,90.74,5,29.16,11,0.614,1,App,Bronce,Centro,1,1,0,1,0
R201995,24,76.06,12,17.18,20,0.712,0,Tienda,Bronce,Norte,0,0,1,1,0
R201996,66,275.72,4,71.76,9,0.119,2,Web,Plata,Sur,1,1,0,1,1
R201997,50,109.83,5,29.77,6,0.244,0,Web,Bronce,Centro,0,1,0,1,1
R201998,37,48.74,3,14.51,9,0.473,1,App,Bronce,Norte,0,1,0,1,1
R201999,59,52.53,9,15.81,6,0.288,0,Web,Oro,Sur,0,0,0,1,1
R202000,36,56.43,15,35.77,10,0.365,3,Web,Bronce,Sur,1,1,0,0,0
R202001,18,39.27,3,24.38,9,0.362,0,Tienda,Plata,Sur,0,0,0,0,1
R202002,40,84.26,7,38.9,8,0.388,0,Tienda,Bronce,Centro,1,0,0,0,1
R202003,29,77.61,4,22.2,11,0.239,1,Web,Oro,Centro,0,0,1,0,0
R202004,21,46.6,4,8.0,13,0.4,0,Web,Bronce,Centro,0,0,0,0,1
R202005,39,109.74,5,39.81,9,0.234,1,App,Bronce,Centro,0,0,0,0,1
R202006,42,102.51,6,19.0,6,0.363,0,Web,Bronce,Centro,0,0,0,0,1
R202007,36,156.78,5,37.63,7,0.529,1,Web,Oro,Centro,0,1,0,1,1
R202008,68,240.87,7,34.32,14,0.169,1,Web,Bronce,Sur,0,0,0,1,0
R202009,70,47.7,4,15.83,22,0.603,0,Web,Plata,Sur,0,1,0,1,0
R202010,25,140.73,3,28.17,9,0.533,1,Tienda,Oro,Centro,0,1,0,0,1
R202011,38,44.16,1,44.14,11,0.084,1,Tienda,Oro,Sur,0,1,0,0,0
R202012,58,34.92,7,14.4,10,0.305,1,Tienda,Plata,Sur,1,1,0,0,1
R202013,53,43.38,2,8.0,7,0.099,1,Web,Bronce,Centro,1,0,0,0,0
R202014,65,158.02,7,43.42,19,0.095,3,App,Bronce,Centro,0,1,0,0,1
R202015,53,193.24,4,76.11,13,0.148,2,Tienda,Bronce,Centro,0,1,0,0,0
R202016,39,181.35,1,210.57,11,0.541,0,Web,Bronce,Sur,1,0,0,0,1
R202017,40,70.64,5,22.66,10,0.578,1,Web,Plata,Sur,0,1,0,0,0
R202018,57,91.57,4,28.5,8,0.321,1,Tienda,Plata,Sur,0,1,0,0,0
R202019,41,63.11,8,25.28,16,0.268,1,App,Plata,Centro,0,0,0,0,1
R202020,53,86.71,5,20.14,13,0.346,0,App,Plata,Centro,0,0,0,0,1
R202021,40,201.48,5,29.9,7,0.251,0,App,Oro,Norte,0,1,0,0,0
R202022,46,112.11,4,52.6,7,0.48,0,Tienda,Plata,Centro,0,1,1,0,0
R202023,71,72.15,7,18.01,4,0.29,0,App,Bronce,Norte,0,0,0,0,1
R202024,60,106.72,3,41.72,12,0.226,1,Tienda,Bronce,Sur,0,1,0,0,0
R202025,37,88.52,5,16.44,14,0.687,1,App,Bronce,Centro,0,0,0,0,1
R202026,70,39.03,5,23.02,8,0.565,0,Tienda,Plata,Centro,0,1,1,0,0
R202027,40,147.77,5,40.78,9,0.245,1,Web,Oro,Centro,1,0,0,0,1
R202028,35,63.56,6,28.44,10,0.103,2,Tienda,Plata,Centro,0,1,1,1,0
R202029,73,186.96,6,34.52,9,0.515,1,Web,Bronce,Sur,0,1,0,0,0
R202030,29,230.77,6,30.99,5,0.579,0,App,Bronce,Centro,0,0,0,1,0
R202031,58,130.6,4,49.67,10,0.477,1,Web,Plata,Sur,0,1,0,0,0
R202032,72,79.07,5,18.8,8,0.277,4,App,Plata,Sur,0,1,1,1,1
R202033,64,162.2,5,58.52,11,0.368,0,Tienda,Plata,Centro,1,1,0,0,0
R202034,60,15.66,2,36.06,11,0.364,0,Tienda,Plata,Centro,0,1,0,0,1
R202035,65,184.6,6,50.71,9,0.593,0,Tienda,Bronce,Centro,1,1,0,1,0
R202036,37,174.63,1,193.64,8,0.144,1,Tienda,Plata,Norte,1,0,0,0,0
R202037,40,111.57,5,22.66,15,0.366,0,Web,Plata,Centro,0,0,0,0,1
R202038,66,31.06,2,41.53,10,0.245,0,Web,Oro,Centro,0,1,0,0,0
R202039,72,105.97,3,32.15,10,0.548,1,App,Oro,Norte,0,1,0,0,0
R202040,33,39.31,6,9.42,3,0.072,0,Web,Plata,Centro,0,0,0,0,1
R202041,52,222.47,4,55.07,12,0.164,0,App,Bronce,Centro,0,1,0,0,0
R202042,43,96.72,4,44.69,9,0.568,0,Tienda,Plata,Norte,0,0,0,1,0
R202043,42,149.32,3,60.05,7,0.336,2,App,Bronce,Sur,1,0,1,1,0
R202044,38,326.75,3,104.03,9,0.291,1,Tienda,Bronce,Centro,1,0,1,0,0
R202045,55,160.14,3,54.21,13,0.378,0,App,Oro,Centro,1,1,0,0,0
R202046,50,45.48,9,17.49,6,0.341,0,Web,Bronce,Sur,0,0,1,0,0
R202047,57,41.0,7,8.31,8,0.201,0,Tienda,Bronce,Sur,1,0,0,1,1
R202048,72,255.7,2,142.51,11,0.543,2,App,Plata,Centro,0,1,0,0,0
R202049,49,105.25,0,105.28,13,0.065,2,Tienda,Bronce,Centro,0,0,1,0,0
R202050,41,61.69,4,31.37,11,0.435,0,Web,Plata,Norte,0,0,1,1,0
R202051,55,87.51,7,8.0,10,0.016,0,Web,Oro,Centro,1,1,0,0,1
R202052,74,62.08,5,19.63,8,0.256,0,Web,Bronce,Centro,0,0,0,0,1
R202053,52,165.2,2,100.36,12,0.063,1,Web,Bronce,Sur,1,1,0,1,0
R202054,31,109.79,9,10.83,12,0.257,1,Web,Plata,Sur,0,0,0,0,1
R202055,61,53.65,9,25.42,10,0.461,2,App,Bronce,Norte,0,0,0,1,0
R202056,57,71.26,7,28.42,10,0.297,0,Web,Plata,Centro,0,1,1,0,0
R202057,70,245.99,3,106.51,7,0.379,1,App,Oro,Sur,0,1,0,0,1
R202058,56,138.26,3,55.49,8,0.087,3,App,Plata,Centro,0,0,0,0,1
R202059,44,124.08,6,47.46,13,0.597,1,Web,Bronce,Norte,0,0,0,1,0
R202060,41,425.5,5,93.13,11,0.249,0,App,Plata,Norte,0,0,0,1,0
R202061,18,134.67,3,51.05,7,0.316,1,Web,Plata,Sur,0,0,0,1,0
R202062,32,120.2,6,31.69,8,0.342,1,Web,Bronce,Centro,0,0,1,0,0
R202063,67,132.09,6,23.16,11,0.375,1,Tienda,Bronce,Centro,0,1,0,1,0
R202064,55,161.48,3,54.38,7,0.179,2,Web,Bronce,Sur,0,1,0,0,0
R202065,34,100.51,4,50.92,9,0.379,1,Tienda,Plata,Centro,0,1,0,0,0
R202066,69,96.65,4,32.79,5,0.373,1,App,Oro,Centro,0,0,0,1,0
R202067,53,154.33,6,19.32,8,0.134,1,App,Plata,Centro,0,0,0,0,1
R202068,74,94.69,9,24.85,11,0.602,1,App,Plata,Centro,0,1,0,1,0
R202069,30,141.6,2,98.74,9,0.405,2,Web,Plata,Norte,0,0,0,1,0
R202070,54,284.9,3,117.49,9,0.194,2,Tienda,Bronce,Norte,0,1,0,1,0
R202071,55,42.76,4,18.62,14,0.345,0,Tienda,Bronce,Centro,0,0,0,0,1
R202072,19,44.8,1,50.13,8,0.342,0,Web,Bronce,Centro,0,0,1,0,0
R202073,41,116.72,6,16.38,8,0.512,0,Tienda,Bronce,Centro,0,0,1,1,0
R202074,24,94.46,6,10.65,12,0.51,1,Web,Bronce,Centro,0,1,0,0,0
R202075,57,79.8,4,28.33,10,0.36,0,Web,Bronce,Centro,0,0,0,0,1
R202076,68,152.93,4,48.37,12,0.013,0,Web,Oro,Norte,0,1,0,0,0
R202077,51,91.6,3,44.27,13,0.488,0,Web,Bronce,Sur,0,1,0,0,1
R202078,19,54.27,4,28.52,10,0.124,1,Web,Plata,Sur,1,0,0,0,1
R202079,24,64.36,4,37.44,11,0.187,0,App,Oro,Centro,0,0,1,0,0
R202080,42,60.68,5,35.35,10,0.355,3,App,Plata,Centro,0,0,0,1,0
R202081,21,297.45,8,48.87,5,0.383,2,Web,Plata,Sur,0,0,0,1,1
R202082,50,152.47,6,28.98,5,0.162,0,Web,Bronce,Centro,0,1,0,1,0
R202083,18,175.52,3,71.21,5,0.231,0,Web,Bronce,Norte,0,1,1,1,0
R202084,60,445.52,5,87.68,10,0.282,0,App,Oro,Centro,0,0,0,1,1
R202085,31,121.76,8,12.95,13,0.087,1,Web,Bronce,Norte,0,0,0,0,1
R202086,65,217.93,5,39.7,7,0.117,0,App,Plata,Centro,0,0,1,0,1
R202087,38,60.43,2,32.66,12,0.553,2,Tienda,Bronce,Sur,0,0,0,0,1
R202088,74,140.54,5,39.92,12,0.404,2,Web,Bronce,Centro,0,0,0,0,1
R202089,43,91.17,8,18.92,13,0.258,1,App,Bronce,Centro,1,0,0,1,0
R202090,50,30.65,3,30.65,7,0.358,0,Tienda,Plata,Centro,0,0,0,0,1
R202091,48,143.76,6,21.96,8,0.79,1,Web,Oro,Centro,0,1,0,0,0
R202092,69,128.01,6,44.52,13,0.274,1,App,Bronce,Sur,0,1,0,0,1
R202093,35,178.28,1,194.8,14,0.096,1,Web,Oro,Norte,0,0,0,0,1
R202094,56,182.63,3,64.36,13,0.517,1,Web,Bronce,Centro,0,0,0,1,0
R202095,44,268.65,6,59.64,11,0.192,1,Tienda,Plata,Centro,0,0,0,0,1
R202096,53,40.21,6,23.21,8,0.223,0,Web,Bronce,Sur,0,1,0,0,1
R202097,72,92.13,5,37.91,12,0.249,1,App,Plata,Centro,0,1,0,0,0
R202098,54,78.03,6,13.34,6,0.53,0,Web,Plata,Norte,1,0,0,0,0
R202099,39,193.82,2,124.92,12,0.266,0,Web,Bronce,Norte,0,1,0,1,0
R202100,63,186.73,3,76.97,15,0.37,2,Tienda,Oro,Sur,0,1,0,0,0
R202101,21,89.36,7,21.24,16,0.312,3,App,Bronce,Norte,0,0,1,0,0
R202102,33,264.2,6,36.87,11,0.186,0,App,Oro,Sur,0,1,0,1,0
R202103,33,131.99,4,20.34,14,0.433,1,Web,Bronce,Centro,0,0,0,0,1
R202104,37,142.13,6,35.16,8,0.488,0,Web,Bronce,Centro,0,0,0,1,0
R202105,40,84.75,10,13.23,10,0.405,3,App,Oro,Norte,0,0,0,0,1
R202106,64,136.33,3,47.48,7,0.497,1,App,Plata,Norte,0,1,0,0,0
R202107,70,148.5,7,30.31,5,0.146,0,Web,Oro,Norte,0,1,0,0,0
R202108,30,57.41,4,17.65,17,0.406,0,Tienda,Bronce,Centro,0,0,0,0,1
R202109,35,44.74,3,25.36,12,0.219,0,App,Plata,Centro,0,0,0,1,0
R202110,42,74.96,4,25.37,7,0.349,2,Tienda,Bronce,Centro,0,0,0,0,1
R202111,47,20.79,7,12.07,14,0.379,0,App,Oro,Centro,0,1,0,0,0
R202112,49,184.91,1,186.57,10,0.101,1,Tienda,Plata,Sur,1,0,0,0,0
R202113,54,66.17,1,79.09,9,0.332,1,Web,Bronce,Centro,1,0,0,0,0
R202114,69,80.14,6,19.67,5,0.403,0,App,Bronce,Sur,0,1,0,0,0
R202115,43,244.33,8,49.74,8,0.056,0,Web,Plata,Centro,0,1,0,0,0
R202116,64,146.62,7,30.09,8,0.122,0,Tienda,Bronce,Sur,1,0,0,0,1
R202117,56,108.77,3,53.73,6,0.291,0,Tienda,Bronce,Centro,0,0,0,0,1
R202118,68,94.84,2,45.57,7,0.09,0,Tienda,Bronce,Norte,0,1,0,0,0
R202119,28,95.1,5,39.89,8,0.293,0,Tienda,Oro,Centro,0,0,0,0,1
R202120,51,94.64,5,43.08,9,0.083,1,App,Bronce,Sur,0,0,0,0,1
R202121,48,182.89,5,44.88,10,0.379,0,App,Plata,Centro,0,0,0,1,0
R202122,36,47.89,7,13.14,10,0.58,0,Tienda,Oro,Centro,0,0,0,0,1
R202123,59,85.97,7,33.99,9,0.52,0,Web,Oro,Sur,0,1,1,0,0
R202124,62,257.19,2,124.24,5,0.379,3,Web,Oro,Norte,0,1,0,0,1
R202125,27,230.98,2,111.92,6,0.108,0,Web,Bronce,Norte,1,0,0,1,1
R202126,19,80.46,5,14.02,9,0.527,0,App,Bronce,Sur,0,0,0,1,0
R202127,43,109.08,7,31.39,8,0.247,0,Tienda,Bronce,Sur,0,0,1,0,0
R202128,60,69.06,5,10.37,7,0.727,2,App,Bronce,Centro,0,1,0,0,1
R202129,60,255.43,6,70.24,11,0.472,0,Tienda,Bronce,Centro,0,1,0,0,0
R202130,54,81.94,0,77.04,11,0.212,2,App,Plata,Norte,0,1,1,0,1
R202131,42,73.9,6,24.17,7,0.69,1,App,Oro,Sur,0,0,0,0,1
R202132,64,154.48,6,20.82,12,0.09,0,Tienda,Bronce,Centro,0,1,1,0,1
R202133,28,363.96,7,65.52,17,0.733,2,Tienda,Bronce,Sur,0,0,0,1,0
R202134,75,72.55,5,35.88,10,0.236,0,Tienda,Bronce,Sur,0,1,0,0,1
R202135,67,87.52,7,30.51,7,0.441,1,Web,Bronce,Norte,1,0,0,1,1
R202136,68,158.1,4,41.4,17,0.485,0,Tienda,Bronce,Sur,0,1,0,0,1
R202137,30,229.04,6,61.89,8,0.396,2,Web,Bronce,Centro,1,0,0,0,0
R202138,28,151.24,9,17.58,11,0.106,1,Web,Oro,Centro,0,1,0,1,1
R202139,51,120.69,4,34.47,17,0.373,0,Web,Bronce,Centro,0,0,1,0,0
R202140,53,46.5,8,29.7,5,0.142,0,App,Bronce,Norte,0,1,0,1,1
R202141,43,57.58,4,14.27,13,0.557,0,App,Plata,Centro,1,0,0,0,0
R202142,40,81.85,4,17.55,8,0.531,4,Tienda,Plata,Sur,0,0,0,1,0
R202143,24,223.03,2,110.31,10,0.042,0,App,Oro,Sur,0,0,1,0,0
R202144,25,114.59,7,19.57,11,0.7,0,Web,Bronce,Sur,1,0,0,1,1
R202145,53,86.14,6,21.11,9,0.296,0,Web,Bronce,Centro,1,0,0,0,0
R202146,25,113.79,6,37.44,14,0.238,1,Tienda,Bronce,Centro,0,1,0,1,1
R202147,68,235.23,5,42.97,6,0.486,0,Tienda,Oro,Centro,0,0,0,1,1
R202148,60,54.9,3,36.35,10,0.23,3,Web,Bronce,Centro,0,1,0,0,0
R202149,22,90.08,7,15.1,4,0.368,3,Web,Plata,Centro,0,0,1,1,1
R202150,73,102.38,3,41.47,8,0.096,0,Web,Plata,Centro,0,0,0,0,1
R202151,28,103.5,8,19.78,8,0.438,1,Web,Bronce,Centro,0,0,0,0,1
R202152,55,65.94,6,16.7,8,0.293,1,App,Plata,Sur,0,0,0,0,1
R202153,19,107.96,4,33.86,9,0.709,0,App,Oro,Norte,0,0,0,1,0
R202154,49,142.9,11,12.73,8,0.253,0,App,Bronce,Norte,0,0,0,0,1
R202155,68,204.7,6,40.8,11,0.205,1,Web,Bronce,Centro,1,0,0,0,0
R202156,68,117.04,6,18.71,8,0.244,3,App,Oro,Centro,0,1,0,0,1
R202157,47,59.53,6,16.92,7,0.151,1,Web,Oro,Centro,0,1,1,1,1
R202158,71,118.62,2,58.11,10,0.324,0,Tienda,Bronce,Norte,0,0,1,0,1
R202159,70,110.43,8,8.0,5,0.3,1,Tienda,Plata,Sur,0,0,0,0,1
R202160,37,118.51,3,39.18,9,0.452,3,App,Bronce,Norte,1,0,0,0,0
R202161,41,29.52,4,14.93,9,0.625,1,App,Oro,Centro,0,0,0,0,1
R202162,60,114.4,5,38.2,10,0.347,2,App,Bronce,Sur,0,0,1,0,0
R202163,31,123.09,12,9.88,10,0.131,2,Web,Oro,Sur,1,1,0,0,0
R202164,73,88.68,3,35.39,10,0.718,0,Tienda,Bronce,Norte,0,1,0,0,1
R202165,28,134.1,3,42.77,7,0.523,1,Web,Plata,Norte,0,0,0,1,0
R202166,60,287.36,5,89.66,6,0.089,1,Web,Bronce,Centro,0,1,0,0,0
R202167,53,42.54,4,11.51,12,0.84,0,Web,Oro,Centro,0,1,0,0,0
R202168,19,57.72,9,17.25,8,0.387,3,Web,Oro,Centro,0,1,0,0,1
R202169,69,116.45,5,25.39,11,0.131,1,Tienda,Plata,Centro,1,0,0,1,0
R202170,43,190.91,4,68.86,7,0.418,1,Tienda,Bronce,Norte,0,1,0,1,1
R202171,59,82.17,3,28.14,7,0.366,0,Web,Oro,Sur,0,1,0,0,0
R202172,62,206.97,7,26.92,6,0.075,2,App,Bronce,Norte,1,0,0,0,0
R202173,63,126.24,5,37.75,5,0.318,2,App,Bronce,Sur,1,0,0,1,1
R202174,49,240.05,7,45.8,9,0.289,2,Web,Oro,Centro,0,1,0,0,0
R202175,45,112.09,3,33.57,7,0.067,0,App,Oro,Centro,0,1,0,0,1
R202176,75,102.36,2,66.28,10,0.216,2,Tienda,Plata,Centro,0,1,0,0,0
R202177,46,152.96,0,168.01,11,0.297,0,App,Bronce,Centro,0,0,0,0,1
R202178,71,52.66,5,12.13,12,0.776,1,Tienda,Bronce,Centro,0,0,0,0,1
R202179,45,117.81,3,38.54,7,0.263,0,Web,Oro,Norte,0,1,0,0,0
R202180,54,61.52,3,36.46,13,0.247,2,Tienda,Plata,Sur,0,0,0,0,1
R202181,59,290.87,5,69.23,12,0.553,0,Web,Bronce,Centro,1,1,1,1,1
R202182,71,149.85,5,31.55,15,0.482,0,App,Plata,Sur,1,0,0,0,0
R202183,60,189.71,0,192.87,3,0.138,0,App,Bronce,Centro,0,1,0,0,0
R202184,55,54.38,6,8.0,7,0.254,1,Tienda,Bronce,Centro,0,1,0,0,1
R202185,64,33.97,4,8.0,9,0.537,1,Web,Plata,Centro,0,0,0,0,1
R202186,34,168.44,5,59.25,10,0.423,2,Web,Bronce,Centro,0,0,1,1,0
R202187,22,132.23,4,61.12,14,0.14,0,App,Bronce,Sur,0,0,0,1,0
R202188,36,96.64,5,33.33,17,0.414,1,App,Bronce,Centro,0,1,0,0,0
R202189,63,160.14,9,26.41,7,0.152,0,App,Bronce,Norte,0,1,0,1,1
R202190,25,64.45,4,25.19,6,0.355,3,Tienda,Plata,Centro,0,0,1,0,0
R202191,24,174.17,4,63.11,11,0.126,0,Tienda,Oro,Centro,0,1,0,1,1
R202192,39,139.08,11,18.8,11,0.571,0,App,Bronce,Centro,0,0,1,0,0
R202193,60,82.06,3,31.81,9,0.068,2,App,Oro,Sur,0,1,0,0,0
R202194,69,53.74,7,30.4,10,0.071,1,Web,Oro,Centro,0,1,0,0,0
R202195,48,52.06,7,8.0,9,0.133,0,Web,Oro,Centro,0,0,0,0,1
R202196,33,150.94,4,35.55,8,0.455,0,Tienda,Bronce,Norte,0,1,1,0,0
R202197,66,130.65,3,60.08,10,0.376,1,Web,Oro,Centro,0,1,0,0,0
R202198,52,115.65,3,38.47,9,0.162,1,Web,Plata,Centro,0,1,0,0,0
R202199,70,53.34,8,22.28,15,0.253,1,App,Bronce,Centro,0,0,0,0,1
